keyword,location,text,proba
suicide%20bomb,Roadside,If you ever think you running out of choices in life rembr there's that kid that has no choice but wear a suicide bomb vest,0.5581069690034102
survivors,Numenor,Haley Lu Richardson Fights for Water in The Last Survivors (Review) http://t.co/oObSCFOKtQ,0.5302735830769207
wounded,,"Have you ever seen the President 
who killed your wounded child?
Or the man that crashed your sister's plane 
claimin' he was sent of God?",0.6156755973282483
crashed,Weston super mare,@olliebailey11 havnt you crashed ? ??,0.516907196549402
deaths,AsunciÌ_n-PY / TÌ_bingen-GER,Breast milk is the original #superfood but rates worldwide have stalled below 40% contributing to more than 800000 child deaths last year.,0.585830496318313
drought,"Rock Hill, SC",Large rain drops falling in Rock Hill off Anderson Road. #rain #scwx #drought,0.637553834618339
devastation,Washington DC,Fascinating pics from inside North Korea. Not propaganda not devastation - just people living life. http://t.co/E2Dbcpwd9u,0.5668667552355169
accident,"Gloucestershire , UK",@flowri were you marinading it or was it an accident?,0.5826959187207477
police,Toronto,3 Options To Fix Your Facebook Cover Violation http://t.co/pF8dXwIbDp and Keep the #Facebook Police away. #socialmedia #strategy,0.5421543025009595
mass%20murderer,,@defendbutera i look like a mass murderer in it,0.5551350440799643
forest%20fires,Texas ,' no pharrell  only YOU can prevent forest fires ' ??,0.5853293723866565
floods,California,Floods Fishing Finally Sunshine &amp; Fab Deals from Albertsons Anniversary Sale |Lauren Paints | a beautiful life http://t.co/CwHSLMB8x9,0.5160537920448603
injured,someplace living my life,so paulista injured wilshere,0.541087233613621
accident,,???? it was an accident http://t.co/Oia5fxi4gM,0.5826959187207477
injuries,Spring Tx,HEALTH FACT: 75% of muscle mass is made up of fluid. Drink water to prevent strains sprains and other injuries. http://t.co/g0dN1ChLUo,0.5505805902305585
violent%20storm,Worldwide,"Violent Forces Radio: Now Playing Agony - Storm of the apocalypse
TuneIn Player @ http://t.co/XsSgEdSbH4",0.5555191699861804
buildings%20on%20fire,,square just let booty org write xv im sure we'd do just fine (buildings around me set on fire),0.5327217120173433
bomb,"Chicago, IL",The MF Life is a vocal and lyrical bomb. Saw her live this summer. AMAZING vocalist. RT @THEmale_madonna: Melanie Fiona is so slept on ??,0.5003007719927927
catastrophic,,"Excited not only about the next 6 years of school and ensuing student debt but also catastrophic climate change in my lifetime   

:D ??",0.505749585803029
fire,,Save the Date! Saturday August 15 2015 is the Salisbury Fire Department Open House at 325 Cypress St 10am to... http://t.co/Oa6B0Z2H6Y,0.5469967629854692
evacuated,,Ahrar Al Sham: In our negotiations with Iran over Al Zabadani they wanted all Sunnis evacuated out of Al Zabadani!,0.6301255445203293
collapsed,,Zimbabwe is a country with a collapsed government ruled by a dictator while many live below the poverty line.,0.5107142258602758
structural%20failure,,@SirTitan45  Mega mood swing on a 24 hr schedule. Isn't that how structural failure occurs?,0.5040163248559552
forest%20fires,Tips on my blog at,Tales of the #trees #deep water loving #Lake Tahoe. And no #forest fires https://t.co/xuhMJ098Lq,0.6266389560691188
forest%20fires,,I'm about to cook your Smokey the Bear saving forest fires face ass  https://t.co/WtGGqS5gEh,0.5823973847996662
survive,,Suicide of a Superpower : Will America Survive To 2025? by Patrick J. Buchana... http://t.co/eMTwirknyq http://t.co/M9K08OaZve,0.525677910681256
nuclear%20reactor,"Norwalk, CT",Has An Ancient Nuclear Reactor Been Discovered In Africa? ÛÒ Your... http://t.co/qadUfO8zXg,0.5671066108673541
police,Indonesia,Oops: Bounty hunters try to raid Phoenix police chief's home http://t.co/u30n3fFX8Y,0.5936146938382943
destruction,London,@Bonn1eGreer The Angel of History propelled into the future by the winds of progress leaves in its wake piles of death and destruction. WB,0.5216737417671367
hostage,"Vancouver, British Columbia",Û÷RansomwareÛª holds B.C. manÛªs computer files hostage: A virus locked Andrew Wilson's family photos and otherÛ_ http://t.co/aQbLjComlN,0.5475074339314653
hijacker,,Governor allows parole for California school bus hijacker | Fresno Linked Local Network http://t.co/Sww0QsMxVM http://t.co/bcdP4gKokA,0.5731840625128071
airplane%20accident,"Salt Lake City, Utah",@crobscarla your lifetime odds of dying from an airplane accident are 1 in 8015.,0.6217306072224248
fire,"Yuba City, CA",When your heart is bigger than the obstacles  in front of you #euro #dontexpectnothing #july #fire @euro,0.5303336189874126
lightning,,World War II book LIGHTNING JOE An Autobiography by General J. Lawton Collins http://t.co/BzdfznKvoG http://t.co/eRhdH37rDh,0.5178271539452153
bioterrorism,,To fight bioterrorism sir.,0.539062125135709
hostage,"Melbourne, FL",Wtf? Her biological father is holding her hostage and her adoptive parents haven't even looked for her. Criminal minds got me fucked up.,0.5375473143943074
hijacker,Southern California,San Jose Mercury: Governor Brown allows parole for California school bus hijacker  http://t.co/GpCeCp9kHv,0.5675789058972461
terrorism,Jeddah_Saudi Arabia.,In #islam saving a person is equal in reward to saving all humans! Islam is the opposite of terrorism!,0.5863180212893027
police,Los Angeles ,.@slosheriff: 2 South Gate police officers and 2 Huntington Park officers arrested after child abuse investigation at boot camp,0.5672590477084877
injury,"Dallas, TX",#Cowboys: Wednesday's injury report: RB Lance Dunbar injures ankle is listed as day-to-day:  http://t.co/RkB7EgKveb,0.5079903455320237
drought,Canada,@gfrost1985 @jeffpalmer16 @MLB @BlueJays why you so salty and scared when we have a drought like you said?,0.5653139154404729
evacuated,"Harpurhey, Manchester, UK",Trafford Centre film fans angry after Odeon cinema evacuated following false fire alarm   http://t.co/6GLDwx71DA,0.6456228874859666
pandemonium,,-  Pandemonium In Aba As Woman Delivers Baby Without Face http://t.co/36GccAPaak http://t.co/nqjZS6wkuN,0.5327574753283547
catastrophic,N?? Y???.,@SyringeToAnger åÇ and probably even more. But some disagreements with General Ross and the catastrophic occurrence made something clear. åÈ,0.5296881229339132
nuclear%20reactor,,Finnish Nuclear Plant to Move Ahead After Financing Secured-&gt; http://t.co/uHkXMXaB9l,0.5221281422676007
nuclear%20reactor,Paris (France),Magnetic and electrostatic nuclear fusion reactor http://t.co/eM5oPyTBpg,0.5273509367148379
rainstorm,"Pennsylvania, USA","RAIN RAIN GO AWAY... A soaker is on the way 
------&gt; http://t.co/jQFcY9GuqV &lt;----- http://t.co/tN65puhfhw",0.5296741472312181
structural%20failure,Asia,Rightways: Building structural integrity &amp; failure: problems inspections  repair http://t.co/vz1irH0Nmm via @rightwaystan,0.5097334721717803
burning%20buildings,Los Angeles,Ali you flew planes and ran into burning buildings why are you making soup for that man child?! #BooRadleyVanCullen,0.5884654746165507
collision,"Los Angeles, CA",Santa Fe Springs Studebaker Rd / South St **Trfc Collision-No Inj** http://t.co/6uHih9pbrU,0.5994525192945461
lightning,"Asheboro, NC",Some crazy lightning outside,0.5480404197642574
nuclear%20reactor,japon,"Germany has  39 gigawatts of installed solar capacity
_One gwatt is about equal to the capacity of a nuclear reactor.
http://t.co/leCZOlkmSV",0.5273509367148379
volcano,,@lexi_purduee the volcano by it ??????,0.5671208330309802
storm,"Johns Creek, GA",this storm????,0.5165342304678217
thunderstorm,Sydney,Beautiful lightning as seen from plane window http://t.co/5CwUyLnFUm http://t.co/1tyYqFz13D,0.6222461922821355
terrorism,,Online Homeland security: An Appraisal of #PakistanÛªs #Anti-Terrorism #Act https://t.co/mRoSPd9878,0.5453025856790258
burning%20buildings,seattle grace mercy death,"'i never understood guys who wanted to run into burning buildings.'
'you chase murderers.'
'not if they're on fire.'",0.5688357503374422
violent%20storm,??? ???? ?f glory. ?,@Skarletan åÇ the storm. A violent swell of emotions then nothing.,0.5594089112834271
floods,"Sherwood, Brisbane, Australia",@madonnamking RSPCA site multiple 7 story high rise buildings next to low density character residential in an area that floods,0.6315252012191448
terrorism,"Tampa, FL",OMEGA MEN Writer Explores Terrorism Religion In an 'Epic KYLE RAYNER Story' http://t.co/Hr88CWxPGz #Newsarama,0.5366331728999955
derail,,Such activities of Govt can't derail us from our aim &amp; we still remain peaceful and unite for #FreeSikhPoliticalPrisnors &amp; @bapusuratsingh,0.5067072231419311
famine,Florida but I wanna be n Texas,@OCT336 guys these bitches ain't famine then ??,0.5075105600113389
casualties,"Inglewood, CA",Stay tuned or don't idc #casualties http://t.co/nssjPR6Pdd,0.5283048712529371
landslide,,Listen to Landslide by Oh Wonder #SoundCloud https://t.co/SJkgJxff2r,0.5055012185087785
natural%20disaster,home ,she's a natural disaster she's the last of the American girls ??,0.5437034445442654
displaced,,Displaced Persons GN (2014 Image) #1-1ST NM http://t.co/yEJt18sbm0 http://t.co/RcqacN91bE,0.5178914757609587
hurricane,Chicopee MA,"Entertain this thought for a moment:

diarrhea hurricane",0.5642570703560807
natural%20disaster,"Orlando/Cocoa Beach, FL","'Up to 40% of businesses affected by a natural or man-made disaster never reopen'
http://t.co/35JyAp0ul9",0.5337051303997489
accident,UK,http://t.co/GKYe6gjTk5 Had a #personalinjury accident this summer? Read our advice &amp; see how a #solicitor can help #OtleyHour,0.6031932217925936
fire%20truck,LA ??,theres a fire truck in this parking lot,0.6050112777094865
forest%20fire,,I had to grill for a school function. One of the grills we had going was pretty much either off or forest fire. No inbetween! Made it work,0.5327494819522336
arson,,Two Jewish Terrorists Charged In Historic-Church Arson | The Ugly Truth http://t.co/iEksNFSbY7 http://t.co/VWCf3slkrW,0.6431975458183805
exploded,,Yumiko jumped in surprise as the fire shot upwards into the air and exploded caught off guard~ 'woah...' She had--( @LenkaIsWaifu ),0.5506901963513999
arson,"North-East Region, Singapore",@sayn_ae angel or arson,0.5176276457407277
bush%20fires,The Internet & NYC,'When you attack women's health you attack America's health.' Hillary Clinton shows how to #StandwithPP http://t.co/HXdG254dHO,0.5755249800306922
burning%20buildings,,A protest rally at Stone Mountain? Atleast they're not burning down buildings and looting store like some individuals do when they 'protest',0.5154199142217428
displaced,United Kingdom,For those displaced by disasters label and legal status remain out of reach https://t.co/kJMgTEEklp,0.5525342921990342
inundated,,[Withering] to death. is an album found when he [undermine]d his backyard because his cat [inundated] the floor [mustering] cat food.,0.5075848925650313
rescued,,Funds Needed for Rescued then Abandoned Cocker Spaniels http://t.co/RJrmW7nzy5,0.5608437701473012
refugees,Melbourne Australia,Captain Abbott must go down with LNP boat #refugees #christianvalues https://t.co/Kp5dpOaF58,0.6145618565497655
wild%20fires,"Johannesburg, South Africa",They should just have load shedding permanently and we will all just live like we in the wild and have camp fires  cook with fire etc,0.6683468138868451
collided,Tennessee,On page 500 of 688 of After We Collided by Anna Todd http://t.co/Y7PetO0DX2,0.5000882762746011
trauma,Los Angeles New York,Author Interview Michele Rosenthal-author of Your Life After Trauma.,0.5146231248593068
wounds,Charlotte,ME says many of these wounds could be fatal some rather quickly others slower and a couple not lethal at all. #KerrickTrial,0.5472985957370585
buildings%20on%20fire,"Groton, CT",A change in the State fire code prohibits grills on decks at condos and apartment buildings.  Check with your... http://t.co/KE1ZS6NAml,0.6722315099543303
fire%20truck,"Woodcreek HS, Roseville, CA",Your PSA for the day: If a fire truck is behind you with lights going MOVE OVER!!! so they can get to their call.,0.6342258193773377
crash,,The Next Financial Crash. ÛÏThe Writing is on the WallÛ. DonÛªt Say ÛÏYou WerenÛªt WarnedÛ https://t.co/4PQCMQchnG via @grtvnews,0.5757736937812367
evacuated,"Hackney, London",@missleylaha I didn't get to buy one after the last London show because the fire alarm went off and everyone had to be evacuated. hahahaha,0.5644889123586391
typhoon,Evergreen Colorado,Satellite Spies Super Typhoon Soudelor from Space (Photo) http://t.co/VBhu2t8wgB,0.6725355355391797
flood,"Niagara Falls, Ontario",@hellotybeeren cue the flood of people 'ironically' calling you that,0.6013246338155019
attack,"Scotland, United Kingdom","'Left hand side of a diamond is a graveyard shift have to attack and defend'
The right handside no have to do that too you fucking idiot?",0.5620818121374119
rubble,"Accra,Ghana",#360WiseNews : China's Stock Market Crash: Are There Gems In The Rubble? http://t.co/eaTFro3d5x,0.5121819164443597
crashed,,I crashed my car into a parked car the other day... #modestmouseremix #truestory,0.5092584304038129
weapons,,Your Router is One of the Latest DDoS Attack Weapons http://t.co/vXxMvgtzvg #phone #gaming #tv #news,0.5355316823909506
displaced,"Ojodu,Lagos",Angry Woman Openly Accuses NEMA Of Stealing Relief Materials Meant For IDPs: An angry Internally Displaced wom... http://t.co/Khd99oZ7u3,0.5238472374081733
sinkhole,B&B near Alton Towers,@MoorlandsChmbr Loads of stuff going on recently. See the blog at http://t.co/XVcO7sLxhW #sinkhole #piling http://t.co/jbVmGeg522,0.6326420839677342
bombing,"Washington, D.C.",I think bombing Iran would be kinder... https://t.co/GVm70U2bPm,0.5722924569651532
emergency,New York,Survival Kit Whistle Fire Starter Wire Saw Cree Torch Emergency Blanket S knife  - Full reÛ_ http://t.co/2OroYUNYM2 http://t.co/C9JnXz3DXC,0.5427583380398557
collided,See the barn of bleakness,"OMG OMG OMG #JustinBieber and #HarryStyles have collided in a nuclear accident at #Cern ^oo^

#HarryBeCareful http://t.co/p4huQUNDQi",0.6122301218306736
hailstorm,,Hail:The user summons a hailstorm lasting five turns. It damages all Pokemon except the Ice type.,0.6330672826599499
massacre,,Soap and education are not as sudden as a massacre but they are more deadly in the long run. -- Mark Twain,0.5762393949985004
volcano,Northern Colorado,Brian Shaw + J.J. Hickson + Kenneth Faried trying to defend LaMarcus Aldridge was A BLOOD VOLCANO http://t.co/20TWGPmM7d,0.5440372686947968
attack,Selena | Britney | Hilary,Demi stans really think Heart Attack sold 5/6 million copies ??,0.5085132314584961
deaths,,Bigamist and his Û÷firstÛª wife are charged in the deaths of his Û÷secondÛª pregnant wife her child 8 her mother her nephew 1 and their uÛ_,0.6292611539527946
mass%20murderer,,@atljw @cnnbrk fine line btw mass murderer and terrorist. Yes we don't know if there's polit. or social aspect yet; however he went to a,0.5111691158097886
buildings%20on%20fire,Brisbane Australia,Fire hazard associated with installation of non-compliant external cladding on high-rise buildings - Insurance - Aust http://t.co/wFsEaOBATo,0.6778481637930922
buildings%20burning,"Dublin City, Ireland",@RockBottomRadFM Is one of the challenges on Tough Enough rescuing people from burning buildings?,0.6250811481906965
evacuate,New England,"'So again make sure to evacuate past the fire doors. Any questions? Yes?'
'Why would we open the doors to the fire!!?!??!?'

I...I..I cant",0.6126246772110343
buildings%20burning,San Francisco,? High Skies - Burning Buildings ? http://t.co/uVq41i3Kx2 #nowplaying,0.6122001050667284
fatality,USA,Kosciusko police investigating pedestrian fatality hit by a train Thursday http://t.co/m5djLLxoZP,0.5935995214325533
earthquake,a box,"@AGeekyFangirl14 's things she looks in a significant other:
1. Beautiful eyes.
2. Humor.
3. Farts that creates an earthquake.

????????",0.5885807298319158
hazard,,BREAKING: Arsenal's Hector Bellerin has been arrested for questioning regarding the disappearance of Eden Hazard.Û_ http://t.co/eCMJ18AzaI,0.5133071957326453
natural%20disaster,New York,Rationing of food and water may also become necessary during an emergency such as a natural disaster or terror attack.,0.5804749261169387
outbreak,"Nottingham, United Kingdom",@DrAtomic420 where did you get that pic from where it shows that there is 2 trophies for Outbreak? Or did they photoshop it?,0.5699111976832799
stretcher,,The '1pack 2pack 3pack' line is on fleek if Stretcher is fire.,0.5188813937585967
refugees,tripoli international airport,@KristinDavis @UN @Refugees Thank you @UN and @Refugees for helping so many people in need all over the world.... https://t.co/yPvJgzqqqB Û_,0.5777335673851722
attack,#UNITE THE BLUE  ,@blazerfan not everyone can see ignoranceshe is Latinoand that is All she can ever benothing morebut an attack dog 4 a hate group GOP,0.5561677084098665
heat%20wave,,Chilli heat wave Doritos never fail!,0.6081029615478952
bioterrorism,,To fight bioterrorism sir.,0.5560796724156996
burning%20buildings,,#KCA #VoteJKT48ID DUCKVILLELOL: Burning flips the table and says 'screw this lets hit some buildings!' Grabs a DR Û_ http://t.co/03L7NwQDje,0.5065353196784701
damage,Unknown,@BradleyBrad47 the saw is fast af and does great damage i upgraded it a shitton and used it exclusively for a whole playthrough,0.5586617600659363
catastrophic,New York,@MyVintageSoul ...of the British upper class and his manservant.  The pampered wealthy Brit causes a catastrophic shift (reversal) of...,0.5197006321569292
sinkhole,hell,i could die by falling in a sinkhole and i'd still be blamed for it,0.5559787331318099
rescued,West Hollywood,Summer #summervibes #california #puppy #pitmix #rescued #brixton #banksy #happy #mybabies https://t.co/7VoVkTXsPo,0.5575619332176243
natural%20disaster,"Littleton, CO",Is your team ready for a natural disaster a violent client or power outage? Contact Ready Vet to design... http://t.co/u2NJPoR39K,0.5985333086596059
death,,RSS: Judge orders Texas to recognize spouse on same-sex death certificate  http://t.co/TZIolfTe5i,0.5197665808949348
sinkhole,"Atlanta(ish), GA",Talk on GOZ is fantastic. Most interesting fact so far is that they manually bought all the .ru domains to sinkhole rather than seek co-op.,0.6422044807737105
buildings%20burning,,Ever since Kelly's burned I keep having dreams about being inside burning buildings ??,0.5430128260338434
crash,"21.462446,-158.022017",The Next Financial Crash. 'The Writing is on the Wall'. Don't Say 'You Weren't Warned' http://t.co/H7lDx29aba,0.551850946611126
hazardous,,Caution: breathing may be hazardous to your health.,0.6113005896404878
attack,Ireland,@DatTomm the funniest part about that twitter is the feminists that try to attack it 4Head,0.5734947642022887
casualty,London UK,Was '80s New #Wave a #Casualty of #AIDS?: Tweet And Since theyÛªd grown up watching DavidÛ_ http://t.co/qBecjli7cx,0.5149535138059907
injured, Tropical SE FLorida,#WakeUpFlorida... #Floridians more likely to be killed/injured by a #TrophyHunt killer's gun than by ISIS.  https://t.co/j5In8meXAJ,0.540535381206449
damage,,@capicapricapri @Brento_Bento wha t is this kids damage,0.5083106026983576
casualties,Insula Barataria,ÛÏThe road to power is paved with hypocrisy and casualties.Û #FrancisUnderwood #HoC https://t.co/zqO6NUvYTu,0.5203092784991776
trouble,,@PrinceofFencing frickin summer and its humidity building up and causing trouble,0.5011531116819673
desolation,,Escape The Heat (and the #ORShow) for a trail run on Desolation Loop you'll be glad you did http://t.co/n2ucNzh38P http://t.co/VU8fWYMw5r,0.5605055769125745
police,,Maid charged with stealing Dh30000 from police officer sponsor http://t.co/y35qtVDSOH | https://t.co/qhUJAjCTR5,0.5812682414255855
famine,,@CNN the End of Times are upon us. Famine War Death Plague. The presence is growing stronger.,0.6019902623122418
nuclear%20reactor,"Somecity, Somerset, MD",A 17 year Boy Scout created a mini nuclear reactor in his home,0.5789642306985117
hostages,china,#hot  C-130 specially modified to land in a stadium and rescue hostages in Iran in 1980 http://t.co/zY3hpdJNwg #prebreak #best,0.5939864408213696
storm,philly,"It's okay I welcome the rain. 
Gave you all the storm that you could weather.",0.524818881915297
bioterrorism,,@ONU_France 74/75 Bioterrorism on '@Rockefeller_Chi/@RockefellerUniv'Heiress 2 evade lgl efforts 2 prosecute BLKs 4 @HarvardU kidnap'g.@AFP,0.5632476247945337
hurricane,,Stream HYPE HURRICANE,0.5781320807319752
seismic,,On Thursday at 00:25 we updated our #kml of 2D and 3D #seismic exploration vessels. #offshore #oil http://t.co/btdjGWeKqx,0.5607133258970033
snowstorm,Italy,Snowstorm planned outside #Rome's St Mary Major tonight - annual occasion artificial snow remembering summer snow in 358 AD on same spot.,0.5443653394740391
attack,ph,anxiety attack ??,0.6072677115364805
arson,"Charlotte, NC",Add Familia to the arson squad.,0.5426972257911872
burning%20buildings,midwest,if firefighters acted like cops they'd drive around shooting a flamethrower at burning buildings,0.5926093339299053
buildings%20on%20fire,Reading UK,So my band Buildings on Fire are playing @bbcintroducing @PurpleTurtleRdg this Wednesday with @GIANTGIANTSOUND https://t.co/ofaN6DkOEZ #rdg,0.6771969393701222
terrorist,peshawar pakistan ,@OfficialMqm you are terrorist,0.6306972207550926
forest%20fires,,Q: Why do ducks have big flat feet? A: To stamp out forest fires. Q: Why do elephants have big flat feet? A: To stamp out flaming ducks.,0.6376958255211217
evacuate,,The summer program I worked for went the city pool we had to evacuate because one of my kids left a surprise. @jimmyfallon #WorstSummerJob,0.5735289880061365
damage,Indonesia,'Mages of Fairy Tail.. Specialize in property damage!' - Natsu Dragneel,0.5102672522075493
heat%20wave,Albuquerque New Mexico,@kristenKOIN6 Yay good cooler weather for PDX..ABQ NM is feeling the heat wave now bcuz my rain dances aren't working :-),0.5134325358999744
hijacker,California ,Governor weighs parole for California school bus hijacker http://t.co/7NPBfRzEJL http://t.co/Y0kByy8nce,0.6332789584124182
airplane%20accident,Fashion Heaven. IG: TMId_,My phone looks like it was in a car ship airplane accident. Terrible,0.5653823376795264
rainstorm,"La Puente, CA",Stuck in a rainstorm? Stay toward the middle of the road. Most streets are crowned so water tends to pool on the sides.,0.5728696816122671
rioting,Dublin,New doco tonight at 9pm Setanta Sports Ireland freeview. The largest police presence at a soccer game in Ireland stop prevent the rioting,0.5578403758825584
bombed,"Light and dark, form and void",@KurtSchlichter @FALPhil This liberal compassion is BS. A specific Feminist said the US bombed Japan back to traditional sexist values.,0.5914827759223661
evacuation,,FAAN orders evacuation of abandoned aircraft at MMA http://t.co/dEvYbnVXGQ via @todayng,0.6375303641855634
drowning,Pittsburgh ,Drowning in Actavis suicide,0.5449910627250718
collide,"Kansas, The Free State! ~ KC",That sounds about right. Our building will have a thunderstorm inside one day when the air masses collide. https://t.co/2rTQ9QmGPB,0.5014646884038801
burning%20buildings,dallas,like for the music video I want some real action shit like burning buildings and police chases not some weak ben winston shit,0.5986203534838102
natural%20disaster,"Pennsylvania, USA",@BookTubeAThon A world in which people aren't dying from natural and supernatural disaster and war most likely.,0.5600274844107873
forest%20fire,"Slatina,Romania",I liked a @YouTube video http://t.co/jK7nPdpWRo J. Cole - Fire Squad (2014 Forest Hills Drive),0.5311574887188766
structural%20failure,"Washington, D.C.",CAP: 'the DRIVE Act represents the failure of Senate Republicans to address the structural shortfalls plaguing the Highway Trust Fund',0.5128076450632941
rioting,Alabama,http://t.co/jMzcaqyDfa  Cindy Noonan@CindyNoonan-Heartbreak in #Baltimore #Rioting #YAHIstorical #UndergroundRailraod,0.5757084663629957
floods,"New York, NY",Download @ iTunes http://t.co/ocojPPnRh1 'Floods Of Glory' by Luiz Santos #jazz #art #Music,0.5688164896785348
natural%20disaster,liaÛ¢daniÛ¢laura,Rise up like a natural disaster we take the bat and then we take back the town????,0.5439732870528636
hijack,Maryland,Jeep Cherokee Owners File Lawsuit Against Fiat Chrysler Harman After Hackers ... - The Consumerist http://t.co/2hocEP41kH #mcgsecure,0.5117826148720932
rainstorm,,#DnB #NewRelease EDGE Jimmy - Summer Rainstorm (Lapaka Sounds) http://t.co/4L8h2FKlNO via http://t.co/ZITQKDFXJY,0.5067303260939775
floods,,"Who is bringing the tornadoes and floods. Who is bringing the climate change. God is after America He is plaguing her
 
#FARRAKHAN #QUOTE",0.5744800350751387
windstorm,,WindStorm WSVR1686B Cover for V-Hull Runabout Boat including euro-style with wi http://t.co/8Prnhrhb2T http://t.co/OAhLtHRozY,0.5218458834906312
derail,#MadeInNorthumberland,Various issues fail to derail homes bid http://t.co/zhsLl7swBh,0.5801811487382839
flames,Freeport Ny,Just added some more fire to the flames for Saturday! Rick Wonder will be spinning a guest set along with Chachi... http://t.co/Otblb9PJ2I,0.5682440553428308
displaced,Pedophile hunting ground,.POTUS #StrategicPatience is a strategy for #Genocide; refugees; IDP Internally displaced people; horror; etc. https://t.co/rqWuoy1fm4,0.6689904854120577
mass%20murder,Anonymous,http://t.co/FhI4qBpwFH @FredOlsenCruise Please take the #FaroeIslands off your itinerary until the mass murder of dolphins &amp; whales stops.,0.5421258927052289
mass%20murder,,"@noah_anyname That's where the concentration camps and mass murder come in. 
 
EVERY. FUCKING. TIME.",0.5624450676980061
burning%20buildings,y/e/l,THIS SOUNDS LIKE A SONG YOU WOULD HEAR IN A MOVIE WHERE THEY ARE WALKING AWAY FROM BURNING BUILDINGS AND CARS AND SHIT,0.5153839748284761
emergency,,Emergency root canal!! #tookitlikeaman #lovemydentist #sore,0.5021963878200559
hurricane,,They should name hurricanes with black people names. I'd be terrified of hurricane Shanaynay!,0.5207975425359641
demolition,MA,demolition 1 &amp; 2 still the most fire freestyles ever,0.5039272543370545
collision,"USA , AZ",Anti Collision Rear- #innovation #gadgets http://t.co/SXQTydUvUL,0.537262354900259
casualty,Canada,We're #hiring in our Toronto branch! Surety Underwriter/Senior Underwriter and Casualty Product Leader. Apply today. http://t.co/PraMKlrMhz,0.5853576989161289
flood,,85V-265V 10W LED Warm White Light Motion Sensor Outdoor Flood Light PIR Lamp AUC http://t.co/NJVPXzMj5V http://t.co/Ijd7WzV5t9,0.5390735939833493
annihilation,Subconscious LA,World Annihilation vs Self Transformation http://t.co/pyehwodWun Aliens Attack to Exterminate Humans http://t.co/pB2N77nSKz,0.5821935428224922
casualty,"Toledo, OH",Casualty Team: Ice Cream Recall Sends Chill Through Food Industry http://t.co/6GsAmY6mts,0.5519431421373981
terrorism,,"Truth...
https://t.co/beJfTYgJIL
#News
#BBC
#CNN
#Islam
#Truth
#god
#ISIS
#terrorism
#Quran
#Lies http://t.co/jlCZiDZ7Vu",0.5267690633995253
flooding,Metro Manila,@adorableappple No reported flooding po in the area. Ten-4. #mmda,0.6298314091501419
collided,,We're happily collided :),0.5270880906618167
drought,,Tips so that finding the customers ego drought: dqSVYusY,0.5847135848297779
explosion,,"#cum explosion!

@begforcum 
@allday_cumshots 
@cumcovered 
@sexycumshots 
@Cumtown
@BJ_Nutt
@cumslut_2
@GirlsLoveCum http://t.co/2CX1yjjoZ9",0.5746830418458558
casualties,"Las Vegas, NV USA",@LasVegasLocally @VitalVegas They reined it in to 3 drinks each for 2 people but only on account of too many falling-off-stool casualties!,0.5411227213512503
survivors,Shanghai,Survivors of Shanghai Ghetto reunite after 70 years - http://t.co/1Ki8LgVAy4 #Shanghai #China #??,0.6036597271130374
heat%20wave,,@heebsterrr_ I remember the heat wave the year I went bruh and they don't have AC ????,0.5116445261518097
whirlwind,Manchester,In @edfringe? We highly recommend @M00NF00L #Titania @Summerhallery A whirlwind reimagining /Shakespeare's Midsummer https://t.co/iIAIGZkbnJ,0.5065444046862089
hostage,Indiana,Who is Tomislav Salopek the Islamic State's Most Recent Hostage? - http://t.co/wiQJERUktF,0.5687104532855853
floods,,"Who is bringing the tornadoes and floods. Who is bringing the climate change. God is after America He is plaguing her
 
#FARRAKHAN #QUOTE",0.5744800350751387
bioterrorism,,"Creation of AI
Climate change
Bioterrorism
Mass automation of workforce
Contact with other life
Wealth inequality

Yea we've got it easy",0.5786299021450781
fire%20truck,,Our garbage truck really caught on fire lmfao.,0.5731742671501688
hazardous,,#what #tribal Olap #world pres: http://t.co/Jw6FNnsSxT How To Recognize A Hazardous Waste And The Multidimensi http://t.co/4zAzTB19qE,0.6219981680676073
hazardous,,http://t.co/7AzE4IoGMe Risk Assessment and Optimization for Routing Hazardous Waste Collection #sustainable environmental,0.5585535963111455
evacuation,"ÌÏT: 43.631838,-79.55807",INK Entertainment Addresses Veld Evacuation and Refund Status http://t.co/vKu3RtOZ1J #TRC via @TorontoRC,0.6057940808185369
bridge%20collapse,Leicester,Leicester_Merc : ICYMI - #Ashes 2015: Australia collapse at Trent Bridge - how Twitter reaÛ_ http://t.co/HqeWMREysO) http://t.co/y4y8fclJED,0.6539961848091135
earthquake,"Okuma Town, Fukushima",[GPV Wind] As of 06JST 6AUG: WNW 06JST 6AUG / E 12JST 6AUG / S 18JST 6AUG. http://t.co/l6jBjAj8dm,0.6159986314543445
suicide%20bomb,dorito land,she's a suicide bomb,0.5427571632028154
suicide%20bomb,,@FoxNewsInsider All Obama is doing is giving a false time schedule on Iran testing there first bomb      Bomb = Nuclear Suicide Vest,0.6304709562309705
dust%20storm,Lizzy's Knee,I keep sneezing either someone placed a southern dust storm in my house or someone talkin smack,0.5417095456977415
fatalities,"Hope Road, Jamaica ","'Use our roads wisely and prevent the carnage from continuing...let us have no fatalities over this holiday period..'
#GGIndependencMessage",0.5064075362212717
bioterror,"Manhattan, NY",#frontpage: #Bioterror lab faced secret sanctions. #RickPerry doesn't make the cut for @FoxNews #GOPDebate http://t.co/fZujg7sXJg @USATODAY,0.56787011216864
earthquake,Orm,Earthquake drill ??????,0.6303283137311971
casualties,Mostly Yuin.,Whimsy as it pertains to mass casualties. Always impressive.,0.5365196587310155
natural%20disaster,"Newcastle Upon Tyne, England",@TwopTwips make natural disaster reporting more interesting by adding 'The' to headlines such as 'Rescuers are sifting through the wreckage',0.5014325010900313
buildings%20burning,"Epic City, BB.",I Pledge Allegiance To The P.O.P.E. And The Burning Buildings of Epic City. ??????,0.5753783203109765
tragedy,,'you canÛªt research collective memory' The 1st Rule of writing diverse should be don't touch another group's tragedy https://t.co/PHFoEozYPS,0.5390264870927594
forest%20fire,Western Washington,USFS an acronym for United States Fire Service. http://t.co/8NAdrGr4xC,0.5882547931346312
accident,"St. Louis, MO",#stlouis #caraccidentlawyer Speeding Among Top Causes of Teen Accidents https://t.co/k4zoMOF319 https://t.co/S2kXVM0cBA Car Accident teeÛ_,0.5563109835729695
flooding,,@Warlord_queen he thrusts a little more before he jams his cock deep inside her flooding her womb and pussy with his hot thick cum,0.5636060158855145
burning%20buildings,,Hero's fight wars and save ppl from burning buildings etc I'm sorry but u gotta do more than pay 4 a sex change be4 I call u a hero,0.5793639298941516
dust%20storm,Idaho,@NWSPocatello BG-16: So far brunt of storm just to our north. Grayed out w/ dust &amp; rain to N blue sky interspersed w/ clouds to S.,0.6256046016531486
emergency,"New Orleans, LA",Emergency Dispatchers in Boone County in the hot seat http://t.co/5fHkxtrhYU,0.5223397590131625
armageddon,,9 Charts Prove Financial Crisis Part 2 Has BEGUN!: The Financial Armageddon Economic Collapse Blog tracks tren... http://t.co/vHCXTvCINr,0.5495969679211254
evacuation,"Brisbane, Queensland",Evacuation drill at work. The fire doors wouldn't open so i got to smash the emergency release glass #feelingmanly,0.626994627508167
storm,NC || OR,ice cream + cupcake wars + storm = content sara,0.5742130092401073
emergency%20plan,Reddit,http://t.co/F7LJwxJ5jp #GamerGate The end of Reddit is coming. It's time we devise an Emergency Evacuation Plan.,0.6182781694787403
buildings%20burning,,@SonofLiberty357 all illuminated by the brightly burning buildings all around the town!,0.5941875986256009
ablaze,,Building the perfect tracklist to life leave the streets ablaze,0.5580571413982062
hazardous,"Gainesville, FL",09:13 PM:  Hazardous Weather Outlook (http://t.co/ed1VpITsWY): NO HAZARDOUS WEATHER IS EXPECTED AT THIS TIME.... http://t.co/6XSbddlZiy,0.6156173793753634
wounds,Earth,RT @DianneG: Gunshot wound #9 is in the bicep. only 1 of the 10 wounds that is not in the chest/torso area.  #KerrickTrial #JonathanFerrell,0.5215354453118866
hijack,Nigeria,Patience Jonathan On The Move To Hijack APC In BayelsaåÊState http://t.co/Vh8QtbyPZt,0.5025952705645741
bush%20fires,London/Bristol/Guildford,On holiday to relax sunbathe and drink ... Putting out bush fires? Not so much ?? #spain https://t.co/dRno7OKM21,0.5668905743739523
bombing,,Oh and fuck Bill Clinton for bombing us and fuck NATO.,0.5858191967038519
devastation,"Mount Vernon, NY",Devastation: coming to a @Target and find the @Starbucks closed ?? #momneedscoffee #asap #iwontmakeit,0.5913025281600985
accident,Norf Carolina,'By accident' they knew what was gon happen https://t.co/Ysxun5vCeh,0.5448878757600638
sinkhole,,Sinkhole Selfies: You Wont Believe What's In The Brooklyn Sinkhole! http://t.co/3gLYOyf6Oc,0.5007992869702701
burning%20buildings,"Greenpoint, Brooklyn",Attempting Delany's Dhalgren in beastly NY heat. Downing hot coffee amongst descriptions of buildings burning for days without ruin.,0.5175876916990441
disaster,"Los Angeles, California",Teen Disaster Preparedness Event in Van Nuys August 11 @ 5:30pm http://t.co/fXUX987vZx via @VanNuysCouncil,0.5643540566730607
mass%20murder,,He made such a good point. White person comings mass murder labelled as criminal minority does the same thing... http://t.co/37qPsSnaCv,0.520013580582077
drowning,"yorkshire
",#Islamic #state issue a new holiday #brochure lovely swimming pool for drowning in shooting range and the downside it costs a #bomb,0.5256873141808254
drought,"Los Angeles, CA",'It's an eerie way of revealing both our history and our possible fate.' #CADrought #LakeIsabella by @jpanzar http://t.co/pvExbIiqSK,0.5161202454305713
hail,,@HeySeto Enjoy! Hopefully there will be no epic hail storms where you are going!,0.5524297075811849
burning%20buildings,,@MoFanon ?? your last retweet you would think the lion saved people from a burning buildings it's not that deep,0.519809902566396
hazardous,,JAX issues Hazardous Weather Outlook (HWO) http://t.co/fuCOQhcLAD,0.5837670117260171
violent%20storm,,@TeaFrystlik -- causing the entire sky around their battle to darken to a violent storm as an ungodly powerful bolt of lightning struck at--,0.6322430244391866
sinkhole,Canada,@Azimel 'Screaming Mad Scientist deceased after tumbling over heels and falling into sinkhole during investigation',0.5197417811958543
burning%20buildings,,Ah yes the gays are totally destroying America. I can see buildings burning and meteors crashing into schools wow,0.5382570489606255
wild%20fires,"West Vancouver, B.C.",Man selling WILD MORELS at Ambleside Farmr Mart.Sun.-MUSHROOM forageSECRET IS TO KNOW WHAT TREES they grow under &amp; BEST AFTER FOREST FIRES,0.6191732367237571
lightning,"Coventry, UK",dogs Lightning reshapes rocks at the atomic level - A lightning strike can reshape a mineral's crystal structure ... http://t.co/2Wvmij5SA4,0.5683301359397149
crash,"San Francisco, CA",'Crash Test' Trailer: Paul Scheer &amp; Rob Huebel's Comedy Special Recorded on a ... http://t.co/flSa8mlDSn,0.505381187170406
sinkhole,Greenpoint,@DavidCovucci We can't because a sinkhole swallowed every taco place in the neighborhood,0.5316133309842339
cyclone,United Kingdom,awwww Baby Walter #rewatchingthepilot #TeamScorpion #Cyclone,0.5716742695517706
wreck,"Plano, IL",Amazon Prime Day: 12 quick takeaways from AmazonÛªs magnificent train wreck - http://t.co/DBDwtOcGXF,0.5557021252862789
fire,,Morganite Gemstone White Fire Opal 925 Sterling Silver Ring Size 6 R1354 http://t.co/hHpVSAtQXN http://t.co/D12r8XpShy,0.5299021656067917
fire%20truck,"Tallahassee, FL",Toddler Bedding Firetruck Bundle Fire Truck Firefighter Sticker Decals Sign Wall http://t.co/ykuAuOV9jO,0.5756690540848484
earthquake,,#USGS M 1.4 - 4km E of Interlaken California: Time2015-08-06 00:52:25 UTC2015-08-05 17:52:25 -07:00 at ep... http://t.co/zqrcptLrUM #SM,0.6354289335135117
police,Florida,Episcopal priests on road trip with interracial family shares harrowing story of police harassment http://t.co/RG4JIsHyBs via @dailykos,0.5139427954951111
bioterror,"Washington, D.C., area",Biolab safety concerns grow: FedEx stops transporting certain specimens. Research facilities 'dumbfounded' by action. http://t.co/RUjV4VPnBV,0.5231743800479225
burning%20buildings,a botanical garden probably,drew storen is probably curing cancer &amp; saving puppies from burning buildings while contemplating what he did 2 deserve this disrespect,0.5445460218630096
collapse,"San Jose, California",Timestack' Photos Collapse Entire Sunsets Into Single Mesmerizing Images. http://t.co/Cas8xC2DFE,0.550924600756826
injury,,CLEARED:incident with injury:I-495  inner loop Exit 31 - MD 97/Georgia Ave Silver Spring,0.5159143676450009
buildings%20burning,"Chicago, IL",@joshcorman  #infosec rather you knew it or not your a firefighter  now days  you often  run into burning buildings Deal with it.,0.5612275125793492
nuclear%20disaster,Fukushima city Fukushima.pref,Over half of poll respondents worry nuclear disaster fading from public consciousness http://t.co/YtnnnD631z ##fukushima,0.6512926540512021
accident,,"mom: 'we didn't get home as fast as we wished' 
me: 'why is that?'
mom: 'there was an accident and some truck spilt mayonnaise all over ??????",0.6150835164588189
war%20zone,,@RobertONeill31 Getting hit by a foul ball while sitting there is hardly a freak accident. It's a war zone.,0.5214224161136597
oil%20spill,,@TroySlaby22 slicker than an oil spill,0.6484577936390434
collapse,JKT48-Muse-A7X,#ROH3 #JFB #TFB #alrasyid448ItuRasya Correction: Tent Collapse Story http://t.co/iZJToojzKp #US ROH3 SmantiBatam #ROH3SmantiBatam,0.5032325065435858
crash,,Crash helmet silvery floors karnal fat shoot sampling 33: PBCaNPCx,0.5578275695742014
explosion,"Kauai, Hawaii",The government is concerned about the population explosion and the population is concerned about the government explosion. - Joe Moore,0.589619089326344
chemical%20emergency,,Google Alert: Emergency units simulate a chemical explosion at NU http://t.co/NDgpWYxu6H,0.5368047482076288
mass%20murder,New Sweden,The media needs to stop publicizing mass murder. So many sick people want the eyes of the world and the media... http://t.co/QZlPFHpwDO,0.5460330663037176
damage,Australia,Thank you @RicharkKirkArch @AusInstArchitect for words of warning re #QueensWharf #Brisbane http://t.co/jMkYWhv7mP via @FinancialReview,0.5168888237791196
buildings%20burning,,@PPFA At least they aren't burning buildings and looting stores.,0.6086340728085705
terrorism,,http://t.co/EQjCpWILVn: Articles In Saudi Press Reject Russian Initiative For Regional Alliance With Assad Regime To Fight Terrorism,0.5778325372711884
cyclone,"Sioux Falls, SD",Excited for Cyclone football https://t.co/Xqv6gzZMmN,0.5747453085655978
accident,,RT @SleepJunkies: Sleeping pills double your risk of a car accident http://t.co/7s9Nm1fiCT,0.6297735871448822
derailed,"Enterprise, Alabama","Has #IdentityTheft Derailed Your #TaxReturn? 
8 Steps for Cleaning Up an  #IdentityTheft Train Wreck. #CRI
http://t.co/gxQWD1qZBd",0.6353421247955745
accident,"Nairobi, Kenya",I still have not heard Church Leaders of Kenya coming forward to comment on the accident issue and disciplinary measures#ArrestPastorNganga,0.5146529970491847
nuclear%20disaster,,"Nuclear deal disaster.

#IranDeal #NoNuclearIran #BadIranDeal @JebBush @BarackObama http://t.co/z7phPjtqud",0.6129720455917725
wildfire,Vail Valley,We should all have a fire safety plan. RT @Matt_Kroschel: MOCK WILDFIRE near #Vail as agencies prepare for the worst. http://t.co/SWwyLRk0fv,0.6529419834712012
collapse,Worldwide.,åÈMGN-AFRICAå¨ pin:263789F4 åÈ Correction: Tent Collapse Story: Correction: Tent Collapse story åÈ http://t.co/fDJUYvZMrv @wizkidayo,0.5143511779845515
fire,"Newark, NJ",This nigga Cyhi diss was what Meek was suppose to do. This shit actually fire,0.5091264338624225
fire%20truck,,@JustineJayyy OHGOD XD I didn't mean it so =P But you have that fire truck in the back of you to make up for it so you good xD,0.5461659630452846
hostages,NYC metro,Holmgren describing 96 World Cup: we were Lou's hostages.,0.5058788363077483
emergency,"Melbourne, Australia",From @LeanDOTorg: Lean Thinking for Quicker Police Emergency Response Time http://t.co/suZBkyW5TT,0.5027806365122488
dust%20storm,,Dust devil maintenance fee - buy up la rotary storm guard: UVoPWZ,0.6505947134488154
snowstorm,"South, USA",Sassy city girl country hunk stranded in Smoky Mountain snowstorm #AoMS http://t.co/ZDJ2hyF6RO #ibooklove #bookboost,0.5732522356560071
terrorism,,"Truth...
https://t.co/k44tL3rfMy
#News
#BBC
#CNN
#Islam
#Truth
#god
#ISIS
#terrorism
#Quran
#Lies http://t.co/ipT0hoNoTI",0.5617147166602817
explosion,,Big Data and Social Information explosion: The Union That Could Evolve Your Retail Strategy...HUa,0.5027393209387673
rubble,,"Turning rubble from disasters into 'Lego' bricks you can build houses with. This one belongs in #crazyideascollege 
http://t.co/dh0s4bUuK7",0.5501847856353057
devastation,Jackson TN,Currently Blasting #Benediction - #SanelessTheory -on Metal Devastation Radio-  http://t.co/siGeeQ42cZ,0.5353614635529276
burning,,Kanger coils - burning out fast? via /r/Vaping101 http://t.co/cykr4XAlUH,0.5033981420115485
catastrophic,Toronto,'Climate change could be catastrophic -- but it does have some benefits.' Really @weathernetwork?!?! http://t.co/IBx3cragtt,0.5003054998221161
electrocuted,New York,Woman electrocuted #Red #Redblood #videoclip http://t.co/9PYmM2RUWf #,0.5080620956888755
sandstorm,In your head,@SunderCR two hours of Sandstorm remixes. All merged together. No between-song silence.,0.5380494955733808
bush%20fires,,One thing you can be sure of. There will never be bush fires in Scotland as the ground is always soaking wet????,0.5180440284972082
fire%20truck,,Trident 90225 Chevy fire Truck w/ Pumper  IMS Fire Dept. Red HO 1:87  plastic http://t.co/FAQNFUpeGn http://t.co/mQfOfKXtyh,0.5693742313135763
seismic,"Bokaro Steel City, Jharkhand","@kakajambori ??
U control the future of india..
Yor Subject: Exploration or seismic Maintenance( Electrical or Mechanical)",0.5250053666786512
dust%20storm,Near Yosemite,6 Things Getting Caught in a Dust Storm &amp; the Challenging Real Estate Market Have in Common (+ video): http://t.co/jf5Ft5cq9j,0.5559008684370347
survivors,,Dying with debt can be costly for survivors,0.5546828273277332
evacuation,"sydney, australia",my school just put the evacuation alarms on accidently with 2 different trial exams happening are you kidding me,0.5570054121701062
desolate,Macclesfield,@booksbyRoger TY for the follow Go To http://t.co/l9MB2j5pXg BRUTALLY ABUSED+DESOLATE&amp;LOST + HER LOVELY MUM DIES..Is it Murder?,0.5651509656151371
thunderstorm,WORDLDWIDE,"Conditions for Paris FR at 4:00 am CEST: Current Conditions:
Fair 68 FForecast:
Thu - Sunny. High: 87 Low: 61
Fri - PM Thunderstorm...",0.5581736013454192
quarantine,Area 8 ,Update: still haven't eaten since 6:30 am still have to clean the dry lot and fill water in quarantine. May pass out,0.5061228390926609
arson,Jerusalem,Mourning notices for stabbing arson victims stir Û÷politics of griefÛª in Israel: Posters for Shira Banki and A... http://t.co/3GZ5zQQTHe,0.5691970051856524
flooding,"Nova Scotia, Canada",Tips to prevent basement leaks - Create control joints to eliminate random cracking. #homeimprovement #Flooding http://t.co/Kx8cU4s8T1,0.5454279559212559
chemical%20emergency,,Emergency Response and Hazardous Chemical Management: Principles and Practices http://t.co/4sSuyhkgRB http://t.co/TDerBtgZ2k,0.5226737360619048
deaths,Planet Earth,Irony just died a thousand deaths! ???? http://t.co/dBU30ObDxz,0.6469694812515353
police,,Vinnie Jones goes on the beat with Northumbria Police http://t.co/UP30AQgnLf,0.5499893399683924
airplane%20accident,"New Mexico, USA",@mickinyman @TheAtlantic That or they might be killed in an airplane accident in the night a car wreck! Politics at it's best.,0.6487842425844759
storm,#PhanTrash,The sky's clear the storm has passed but it's still raining in my head,0.5608043438452444
deaths,london town..,Heard theres two more deaths and a murder chrissie kills adam?  val and finn die? #emmerdale,0.6465293067422035
bioterrorism,,Does This Prepare Us? HHS Selects 9 Regional Special #Pathogen Treatment Centers #Bioterrorism #Infectious #Ebola http://t.co/Qmo1TxxDkj,0.5635992891877909
refugees,,wowo--=== 12000 Nigerian refugees repatriated from Cameroon,0.6413925040047121
lightning,Elchilicitanierraversal ,#NowPlaying 'The Lightning Strike' de Snow Patrol de A Hundred Million Suns ? http://t.co/GrzcHkDF37,0.5288429181671467
emergency%20plan,North Hastings Ontario,Practice your families fire escape plan so everyone knows what to do in case of an emergency.,0.5266270538040888
bridge%20collapse,,Ashes 2015: AustraliaÛªs collapse at Trent Bridge among worst in history: England bundled out Australia for 60 ... http://t.co/t5TrhjUAU0,0.626764875291445
forest%20fire,Atlanta,How is it one careless match can start a forest fire but it takes a whole box to start a campfire,0.6542749317606588
rioting,Vidalia GA,@Reuters people like you should be charged after the inevitable rioting for contributing to it with your lies,0.5454599310145484
trauma,"Cambridge, Massachusetts, U.S.",Your brain is particularly vulnerable to trauma at two distinct ages http://t.co/KnBv2YtNWc @qz @TaraSwart @vivian_giang,0.5117376056895546
mass%20murder,Everywhere,This Attempted Mass Murder brought to You by the Obama Administration http://t.co/jbrK8ZsrY6,0.6051359107248858
hailstorm,"Ab, Canada",Nice job Calgary transit ! http://t.co/RGOGUyt0LF,0.5608534843052049
volcano,"West Coast, Cali USA",The Architect Behind Kanye WestÛªs Volcano https://t.co/MUSBIk7EJf,0.5439762759337414
evacuation,The Empire/First Order,@ariabrisard @leiaorganasolo Good. Play along with her. You may begin your operation with the death star. The evacuation is nearly complete.,0.5188407698466372
terrorist,,HereÛªs how media in Pakistan covered the capture of terrorist Mohammed Naved http://t.co/f7WqpCEkg2,0.6406104483011104
engulfed,,@FNAF_TalkMC *stands there engulfed in the fire smiling*,0.5334792841064132
storm,#BossNation!,Finna storm. Fuck my back boutta start hurting like a mf ??????,0.5228036170034273
loud%20bang,"Wandsworth, London",@SW_Trains strange loud impact bang noises under train to Epsom about to arrive #Wimbledon,0.5786684573030023
forest%20fires,,Cartoon Bears. Without them we would qave no knowlddge of forest fires or toilet paper.,0.609682137896703
refugees,Australia,Newlyweds feed thousands of Syrian refugees instead of hosting a banquet wedding dinner http://t.co/EGcv7ybjae #Age #news,0.5142153055367783
casualty,"1648 Queen St. West, Toronto.",WANTED: gritty and real casualty photos of Pasta Thursdays at Amico's. Tag us or #amicospizzato #seeyouatamicos... http://t.co/MZ8VQXbKTs,0.5210852876231191
fire%20truck,United States,#RFP: Fire Truck Service Body for F-450 (Fire fighting rescue &amp; safety equipment Transporta... http://t.co/8GtRvEcE1N,0.5771847319623564
eyewitness,,#Eyewitness media is actively embraced by #UK audiences. Read the report by @emhub on the impact of #UGC in news: http://t.co/6mBPvwiTxf,0.5005589872937646
cyclone,,1970 Mercury Cyclone GT Hood Moulding Very NICE CORE Cobra Jet 429CJ GT http://t.co/jOBVBvKFnZ http://t.co/C8zPmZhTDE,0.5494722433423773
survivors,Upstairs.,People with netflix there's a really good documentary about Hiroshima narrated by John Hurt. 2 Parter that interviews Pilots + Survivors.,0.6536504164589103
storm, New Delhi ,@johngreen storm and silence by @RobThier_EN,0.5791088791998313
massacre,Cimerak - Pangandaran,Review: Dude Bro Party Massacre III http://t.co/f0WQlobOoy by Patrick BromleyThe title sa  http://t.co/THpBDPdj35,0.6429821139937351
fire%20truck,Five down from the Coffeeshop,"Came across this fire video not mine..enjoy..Babes way of saying hi to me while he's in the fire truck??
#fireman #Û_ http://t.co/V5gTUnwohy",0.6068896172343156
earthquake,Desde Republica Argentina,#Sismo M 1.3 - 1km NNE of The Geysers California: Time2015-08-05 23:40:21 UTC2015-08-05 16:40:21 -07:00 a... http://t.co/x6el3ySYcn #CS,0.6243259089827203
nuclear%20disaster,"Sacramento, California",@drvox Trump can say nice things about nuclear power but 'drill baby drill!' + AGW denial = policy disaster for nuclear power.,0.6376358920144054
burning%20buildings,"Mackay, QLD, Australia",Mmmmmm I'm burning.... I'm burning buildings I'm building.... Oooooohhhh oooh ooh...,0.5650189598020792
bioterror,,FedEx no longer to transport bioterror germs in wake of anthrax lab mishaps http://t.co/hrqCJdovJZ,0.6202740336993833
smoke,,[55436] 1950 LIONEL TRAINS SMOKE LOCOMOTIVES WITH MAGNE-TRACTION INSTRUCTIONS http://t.co/xEZBs3sq0y http://t.co/C2x0QoKGlY,0.5026907809321677
casualties,indiana,That triumphant moment when you cook up two eggs over easy with no yolk casualties ?? http://t.co/fQJ5Aga1pd,0.6065898589157148
storm,,Nike Golf Storm Fit Golf Jacket Black Medium http://t.co/jvAI5Vkmsy: #SportingGoods http://t.co/Nr8JjmpmoS,0.5731558379833468
mass%20murderer,"Huntsville, AL",@TheEconomist Step one: get that mass murderer's portrait off the yuan.,0.5326437936664126
hurricane,NYC,Mr. T stopped wearing gold chains in 2005 because he thought it would be an insult to the people who lost everything after Hurricane Katrina,0.5121681517687452
crashed,"Bangor, Co.Down",@johndcgow heard this few days ago while driving and near crashed the car from laughing to much,0.6150410342773859
death,,53 years ago this week is the anniversary of Marilyn Monroe's death RIPRIPRIP,0.532399961515221
bioterror,,#world FedEx no longer to transport bioterror germs in wake of anthrax lab mishaps  http://t.co/5zDbTktwW7,0.6202740336993833
disaster,USA ,DISASTER AVERTED: Police kill gunman with Û÷hoax deviceÛª atåÊcinema http://t.co/5NG0FzpVdS,0.6072300366979279
mass%20murderer,"Haysville, KS",@CarlaChamorros HILLARY A MASS MURDERER.,0.5590023503440946
terrorism,,"Truth...
https://t.co/h6amECX5K7
#News
#BBC
#CNN
#Islam
#Truth
#god
#ISIS
#terrorism
#Quran
#Lies http://t.co/B8iWRdxcm0",0.5566977207221208
storm,nor*cal,RT @tonyhsieh: 'The person who dances with you in the rain will most likely walk with you in the storm.' -Anonymous,0.5300911180030987
fire,Makai,@DaughterofNai Tenshi activated Yuki's fire card!,0.5048927967809931
weapons,London,Death certificates safes weapons and Teslas: DEF CON 23 #Security http://t.co/KMDQm3NlnS,0.5136960193395776
police,,Police expand search for missing pregnant woman in Beloeil: Police in Richelieu-Saint-Laurent are expanding th... http://t.co/hMuyzmv8qH,0.6179295477664593
seismic,"Hatteras, North Carolina",Agency seeks comments on seismic permits http://t.co/9Vd6x4WDOY,0.5510434749673029
deaths,,Bigamist and his 'first' wife are charged in the deaths of his 'second' pregnant wife her child 8 her... http://t.co/dlAub2nVtN #news,0.6408791204537067
