,ja
0,おおNO FUKURODANIはAPOCALYPSE墨東が私PPORの子私の貧しい少年HORRIBLE FEELS生存しませんでした
1,"暴力的な強制ラジオ：今、アシッドストーム遊ぶ - 神々のScourgueを
TuneInプレイヤー@のhttp：//トンのCO / XsSgEdSbH4"
2,サービスは、以前のCabramattaでYennoraで緊急医療や緊急のトラック機器の修理後に正常#SouthLineに戻ってきています
3, //トンのCO / GHucazjSxB： - チェルノブイリ事故ウィキペディアフリー百科事典には、あなたはそれがとても栄光のhttpsの核技術を愛していません
4,ケンダル・ジェンナーとニック・ジョナスは、付き合っていると世界は文字通り、HTTPを爆発可能性があります：//トンのCO / pfvzVPxQGr
5,ウォッチはダット男は、すべてのプロの練習隊材料がいかに愚か者の取得は、今年カバレッジ内で燃焼することを悪いです
6, @gg_keeponrockin @StrawberrySoryu大丈夫ああ、私は2回だけメッセージを持って、不審ました申し訳ありませんが、私はそれをチェックアウトします！シアトルタコマ、ポートランド旋風から戻ります！ http：//トンのCO / qwHINBni8e
7, @Captainn_Morgan車の大破??
8,"あなたは街灯に地下から地上に燃える建物を描きます

私はあなたの飲酒問題ないんだけど
穴は空であります"
9,Cont'd- #Sinjar：グループは#IS虐殺次の日に#Yazidiの人質のMOVTに一緒に入れ、40 pgのドキュメントを参照する[2]
10, 8：ダイヤモンドを扱うストレスが非常によく私たちはハードすべての側に押されたが、2 COR4に押しつぶされていないことを炭の単なる作品です
11,めかしは徹底的に黒の皆さんが残忍に応じて建物を燃やすためにrをどのように愚か発現するが、それらが虐待されて言及NVR
12,新しいISISビデオ： -  TLVFaces  -  ISISは、48時間以内に首を切るクロアチア人質に脅かすTLVFaces＃auspolます
13,http：//トンのCO / a6PPEgeLOX
14,それは非常に大きな刺しを波平が、それは深い刺しや血液everwheなどのtheresのでした
15,雷は、私の家は私の妹を目が覚めたし、作られた車のアラームがオフに行く横に振った????
16,粉砕した聖なるギョウジャニンニク
17, // tはコ/ dLgNUuuUYn #CNVウォッチ平和集会：のhttp：//トンのCO / jvkYzNDtja #ABombはWHT #survivedでhttp #Hiroshima UO＃BBCのルックスをdestroyd 70年後
18,アズベリー・パークの撮影は、http報告：//トンのCO / dADZ5ZFO1g @AsburyParkPress経由
19, @tiggr_理由だけスクワッド閉塞？
20,しかし、リストのhttpsの上部にある[火の洪水」を置く：//トンのCO / p5JPjgiipW
21, Redditに新コンテンツポリシーが有効に禁止され、多くの恐ろしいsubredditsを行くか、隔離されます
22,http：//トンのCO / ZsXqbdUzBNます
23,http：//トンのCO / 6NCfjXPLOY
24, Aは、パレスチナ人の村を破壊されます
25,http生活に戻ってくる：//トンのCO / 9Lpf4V4hMq
26,どのように欠落ジェットÛªsデブリでし持っ浮かべRIに©組合 - ニューヨーク・タイムズのhttp：//トンのCO / pNnUnrnqjA
27, @ roughdeal1アンティhudhud ChandrababuヴァッレNEアンティジョージアサイクロン？
28, #PBBan（一時：300）hyider_ghost2 @ 'アルマゲドン| DO NOT KILL | FLAGS ONLY |理由のための高速XP」
29,一部の人々はあまりにも本当に自然災害です
30,だから、非想像破壊を引き起こす可能性があり、新たな武器を持っています
31,彼の精度が向上してマヌエルは、初期のバッファロー吹雪を期待します
32,鳩 - ストーム+グレイテストデニール（エレクトリックプロムスPT4）はhttp：//トンのCO / xjTpV4OydL
33,@AlexAllTimeLow彼らは飛行機事故にしていると、彼らは何のかわい子ちゃんを死ぬつもりawwww ????よくやった！
34,来るパーフェクトストームフリー夜のように見えますが、HTTPでご利用いただけ屋外出来事をチェックしてください：//トンのCO / hUzrHgmkSY #EventsPalmBeach
35, #FingerRockFireは、あなたが思う「私は山火事のために準備しています」作るんでhttpを見つける：//トンのCO / eX8A5JYZm5 #azwxます
36,http：//トンのCO / DeEeKobmXa
37,新：NYCレジオネラ症の死亡者数は、http上昇：//トンのCO / NqL21ajmiv #followます（http：//トンのCO / 18xQ3FmuGE）
38,レバノンUS70で40ワットのトラックのクラッシュは朝を通して長い遅延を期待非常に悲しい致死です
39, @TheBlackshag @dannyoneil毒性が強すぎる癌疾患の有害廃棄物の有害
40, //トンのCO / qqSKYbARNg：ミーク・ミルは、パンツを食い込ませるの脅威httpでドレイクÛªsOVOフェストセットに応答します
41,私は特定の文化充当事に同意するが、uは私の家を見て正直ならば、それは仏とstuff- BC処分を叫びます
42,エヌグの警察によって救出4人の誘拐された女性|ナイジェリアトリビューンのhttp：//トンのCO / xYyEV89WIz
43, @ Cali74142290自然災害/病院の危機何かが、いくつかのキャストメンバーを取り除くために必要とされている笑
44,#mumbailocalsの屋根の上に感電の男を見て、間違いなく人々が学ぶ喜ばレッスンです！ #lessonforlife #marinelines #mumbai
45, //トンのCO / vwz3vZpmfb：太平洋におけるもう一つの悲しい海の死傷 - コククジラの人口は批判的#endangered（#droneビデオ）HTTPSとして記載されています
46,ガス事はちょうど爆発し、私は悲鳴を聞いて、今、通り全体が??ガスのにおいがします
47, //は距離// HTTPで叫ぶ：//トンのCO / Cfe9HUQN0h
48,中国の株式市場のクラッシュ：宝石は瓦礫ではありますか？ http：//トンのCO / BqBLWiw08g #ROIMentorの#yycwalks
49,私は@itsjustinstuartのhttpから@YouTube動画を気に入っ：//トンのCO / oDV3RqS8JU GUN RANGE MAYHEM！ #Metepec #Mexico  - ？NIGHT災害？ E（Oficial）@ #NitClub＃mÌ¼sica＃mÌ¼sicaます
50,http：//トンのCO / WTfJF9jjzs
51,デナリオオカミの人口は2015元に戻す緊急バッファゾーン#ProtectDenaliWolves @Alaska @adndotcomに2ちょうど48 2007年の143から減少しました
52,トップでラスベガス赤線ランニングのための5都市死亡者のhttp：//トンのCO / kC8O81BcHG
53,私は、http @YouTube動画を気に入っ：吹雪HDのコックピットビューで//トンのCO / z8Cp77lVzaボーイング737離陸+ ATCオーディオ - 第18話
54,米国の民間人の死者は、特に政治的にするために利用された逆の状況を（笑私は9月11日を知らないのか？）@HighQualityBird
55,飲酒食事101：どのようにクックあなたは完全にHTTPを抹消している：//トンのCO / m19iVWrdkk
56, MRWは、陥没穴は、私の友人の下に開き、ときに私#gif #funny #lol #comedy #iFunny #video #image #RTます
57,http：//トンのCO / XiYdYfptru
58, 'レッドスキンズWRロバーツベリー被爆' @TeamStream HTTP経由：//トンのCO / GbcvVEvDTY
59, //トンのCO / BJZSSw4tid：それはこの世界生きHTTPSに危険な取得することになっています
60,我々は#evacuateを話すよう起こっ怒っ白い女の子の暴動があり、私のスナップ話を無視してください
61,グレイトフル・デッドの展望：クリティカル執筆（研究のhttpへの貢献：//トンのCO / fmu0fnuMxfます
62,http：//消滅のトンのCO / AgGRyhVXKr抹殺のクォーターケリー・オズボーンは、ビュー上のラテン系のhttpについての人種差別主義者のドナルド・トランプの発言のための攻撃： 
63,//トンのCO / CBXnHhZ6kD：//トンのCO / 7nAgdSAdWP PM阿部は、核兵器のない世界のhttpを追求するためにあらゆる努力をすることを約束しました
64,パノラマリソースは、http地震後にジョブをカット：//トンのCO / mUwmfJGzYh
65,それでも、私はクラスにアップする必要がするまで左に数時間で暴動
66, starbsに行く、地下鉄の唯一の70度の部分は、それが、ワシントンD Cで美しい朝です脱線しています
67,フォトセット：hakogaku：//トンのCO / obp595W7tm：AEI私は戦場で生まれたクルド人は、戦場での銃撃戦のサイレンのhttpで発生しています
68, @KatRamslandはい、私は出血心臓リベラルです
69,貯蓄や縫製グアテマラ：グアテマラの貯蓄や縫製すると、自然災害ヒットお針子ELVIAます
70,http：//トンのCO / jdx9OX2kIk
71,知事は、スクールバスハイジャッカーHTTPのための仮釈放を許可します：//トンのCO / liKWQhSHHX経由@nbcnews私はこの犯罪は両親を通じて悪寒を送った覚えています
72, #India HTTPでの酸攻撃生存者カフェラン：//トンのCO / qmiF0bLwOaます
73,http：//トンのCO / l6PIf3LpEn
74, A現金ソースクラッシュコースます
75,http：//トンのCO / st5fGBLsYe #courseます
76,http：//トンのCO / 0uK0H9hOzn価値を提供します
77, @pmarcaコンテンツが原因加盟費にネットワークによって人質にされています
78,オファーます
79,http：//トンのCO / Gl3C1vc88P＃8392デラックストイレ安全サポート/健康/ホーム/バスルーム/サポート/高齢者/負傷/ S U_ます
80,http：//トンのCO / vihdoKScCC
81,残り火注意してください！ http：//トンのCO / LZmL1xB2nH
82,ノイズの壁は一つのことである - しかし、ほこりの壁？毎時60マイルで移動？ http：//トンのCO / 9NwAJLi9cr方法は吹き飛ばさ取得しないように！ http：//トンのCO / j4NI4N0yFZ
83,興味深いアプローチが、目撃者の映像ザ・ファーガソンケースに代わるものではありません - ビデオ - のhttp：//トンのCO / vEcsoSRleRにhttp：//トンのCO / fiUOgj6hEF
84, @AsimTanvir @NemesisK_PES @ KevR_7雪？雷電？
85,ロバート・ガニオンは同性結婚を課すの大惨事をレビューし、キリスト教徒は、httpの応答方法：//トンのCO / HIpklxpHnpを
86,お父さんは、前面の科学ドキュメントのように見えますが、私は背中を読んで、それが切迫した聖書の黙示録について実際だとDVDを買いました
87," 1960年代オリックスはアラビア半島のシンボルがハンターによって全滅させられました
http：//トンのCO / yangEQBUQWます"
88,http：//トンのCO / jQ2eH5KGLt
89, 6：パグウォッシュの村の野生の夜は、すべての消防車は、町はすべての家の-population用消防車のようである持っていることをです
90,一日の終わりには良い方法！ガイザープラス砂塵嵐！ http：//トンのCO / l5VakLR59M
91,"それが試みられているどこでもこれは社会主義の自然と避けられない結果であります
http：//トンのCO / BbDpnj8XSx A.そうは明らかに、私は完全に忘れていたことを、私は週末に住んでいる場所の近くにブッシュ火災がありました"
92,アポロ・ブラウン爆発さ（フィーチャリングM O P）のhttp：//トンのCO / fllaBzGCRc
93,飢饉は最後#Bluebell HTTPに来ている：//トンのCO / p9ryMfjcUX
94,人々はより多くの黒人が嫌命を失うことよりも、建物の燃焼を心配しています
95,これは、HTTPを巨大な1ヶ月の不思議になるように設定されている（そして、Pornhubが水浸しになります）：//トンのCO / gghfx8PzMh
96,彼女は人類を救うことができる悲しいことにする前にウルスラはprotoshoggothのよだれで溺死したが、少なくとも彼女は一種の彼女が愛した何をして死亡しました
97, 1970マーキュリーサイクロンGTクオーターパネルD / Sリアトリムモールディングコブラジェット429CJます
98,http：//トンのCO / wqUL8pG5Pxます
99,http：//トンのCO / 4ykXt3kd62
100,ブースや暴動カッパで@Live_Workshopの自分撮り
101,あなたは100匹の犬の軍隊を構築し、彼らのリーダーがライオンである場合でも、すべての犬はライオンのように戦うことになります
102,ジャクソンファミリーバンド一緒に記念は、HTTPのために計画されているよう：//トンのCO / tilgurKv7Z
103, #HungerArticles：ネパール：クエイクの荒廃のhttp後の生活や生計の再構築：//トンのCO / LROuWjMbIx
104,腹筋全滅？ http：//トンのCO / 1xPw292tJe
105,あなたはすべての全滅た理由@TomcatArtsは、このように説明する
106,しかし、いくつかまたはこのケースでは、あなたの唯一の生存進化と神のようになりました
107,本当の問題は、なぜダイアーズバーグにオフに行くサイレン竜巻がある？です
108,バラク・オバマ大統領は、イランの核取引に反対するHTTPを介して空気のメルトダウンにあり：//トンのCO / c0t7RvoTKj @examinercom経由
109,別の時間！それはここでは午前8時02分PMに2015年8月5日のレッドローバーゾンビの黙示録2014です！ http：//トンのCO / cf9e6TU3g7 #internetradio #collegeradi U_
110,どのような熱帯性暴風雨？ hawaiianpaddlesports HTTPで#guillermo：//トンのCO / LgPgAjgomYます
111,http：//トンのCO / FKd1mBTB68
112," RT AbbsWinston：#Zionist #TerroristのDEMOLISHヨルダン渓谷のhttpで18の#Palestinian構造：//トンのCO / rg3BndKXjX
U_ます"
113,http：//トンのCO / Bq90pfzMrP
114, //トンのCO / lYXNjlxL8sます
115,http：//トンのCO / CXYFqN3ue4パンデモニウムでアバとして女は顔がないと（写真）にhttp赤ちゃんを実現します
116,//トンのCO / BP03eAFEWR：#psd #special OLAP #world PRESます：http：有害廃棄物とMultidimensi HTTPを認識するために//トンのCO / 9xO9mKQqsi方法
117,彼は@reriellechan THE LICH KING'S FIRST損害BLOCK ME BACK私はあなたを嫌い！ http：//トンのCO / 0Gidg9U45J
118,救助者が見つけたときに彼彼はかろうじて生きていたが、彼らは彼がアレルギーには、このたわかりませんでした！ http：//トンのCO / VecmsiUUh1
119,従順はあなたの人生に試練を消し去るだろうことを教えて誰かが理論」というあなたにイエスの命が吹くの中古車を売却しようとしています
120,"ライフ缶野生とき
あなたは旋風に巻き込まれている??"
121, @MeetKakarottoは、「あなたがオフラインであったが、私はここに日向はそこそこ先に行くとcause--含むのうち避難皆に管理し気にしないでください
122,ボディ袋詰めMFSを@Yankees
123, OSPは、死亡者のhttpを取り付け心配：//トンのCO / YmP0gInwzaます
124,http：//トンのCO / FYIOQvIOif
125,ウェールズ#ArchipelagoWolvesのアラスカÛªs王子は#Extinction需要の緊急保護に近づいています！ #StandForWolvesます
126,http：//トンのCO / hBWoivJqkD
127,クアラルンプール（ロイター） - 先週インド洋の島のビーチに打ち上げ翼の一片は、マレーシアのAの残骸の一部でした
128,@ antpips67 @JohnEJeffersonは、明らかに私はいないすべてのAS我々が爆撃されている国からのものであることを認識していますが、多くは、紛争を逃れています
129,パトリオットサバイバルガイド：あなたは政府の崩壊等の自然災害が発生したときに生き残る方法を知っていますか？ http：//トンのCO / QhtoerhDkM
130,私は私が大学-Hubertハンフリー内のすべての私の年でやったよりも1つのサウスダコタ州の砂塵嵐からの経済学についてもっと学びました
131,フィリピンは国内避難民を保護する必要があり、国連の専門家にhttp警告：//トンのCO / xLZWTzgQTC
132,転移性結腸直腸癌の長期生存者における患者報告アウトカム - 手術の英国の雑誌のhttp：//トンのCO / 5Yl4DC1Tqt
133,"アップデート：私はカヌーを生き延びました

けれども歴史の中で最速のフィードアウトされた可能性があります"
134,そして、私はより多くの私のeyesssにおける津波の潮のような聞きしたいもうあなたを逃すの波を取得いけません
135, #OilandGas探査は#Somaliaでhttp #Gabonの地震Shiftキーを取ります：//トンのCO / oHHolJ9vEV @business経由
136,ます
137,http：//トンのCO / hbdo22nqPZサインアップにはFALLING FOR危険リリース日ブラストとレビューツアーサインアップここにオープンしています
138,それはその私は常にそれを望むものというブリザードサンダーストームとトルネードのような風ビッグ風でほこりのように去っことがしてみましょう
139,住宅所有者保険のカバー水の被害をしていますか？ここでは、HTTPを知るためにいくつかの良いものがあります：//トンのCO / 0uSDI5JCHoます
140,http：//トンのCO / xyg7JhRjoF
141, 18または19日#Florida #TampaBay #Tampaを#flooding #raining私は、カウントを失ってしまいました
142,車を攻撃した建物を燃やして自分の仕事のストライカーを取っCHINESEオーバーファラボルワ打撃でストライカーズ2のhttp：//トンのCO / 08LnGClZsj
143, EXCLUSIVEは：179人の死亡者数は15年間でオンデューティNYPDの警察官が関与するだけ3AE U_ます
144,http：//トンのCO / Cn1joMMUGH
145,荒涼としたので、ちょうど押し下げることルックスを@Bill_Roose
146,"探査は#Somaliaに#Gabonの地震Shiftキーを受け取り
http：//トンのCO / Ltf6jL5keUます"
147,http：//トンのCO / Zlq8tHcTkW
148, RSS：//トンのCO / r6JDj9kIGm：ロシアが不法に輸入食品のhttpの大量破壊を開始します
149, @FinancialTimesエチオピア政権は、httpsの飢饉が襲ったとき、2年間の東部エチオピアの対外援助を受け続ける：//トンのCO / 2fGgzQn1v4
150,ヴァイキングゲームのための私の予測今週の日曜日は全体の多くInfactは私はジマーの目標は傷害無料第一のゲームだと思い期待してはいけません
151, @SarniamakChris @Hromadske @ kasiadear33どのように愚かな世界を破壊することができる唯一の2国の一つは、世界の安全保障についての発言権を持っていること
152,@UrufuSanRagu泥流？
153,けが病気や死亡者の最新の数字します
154,http：//トンのCO / 1uo1aTrbbJ
155,外傷はどこでも起こることができる - 学校の家など - いつでも学ぶABCのトラウマのとどのように親U_でhttp：//トンのCO / fMj8MXJY8a
156, Funtenna #hot：//トンのCO / xV3D9bPjHi #prebreak #best：音波などのデータを送信するためにコンピュータ[ブラックハット2015]のhttpをハイジャック
157,"車が殺到ボディショップは雹グッドニュース保険でへこん悪いニュースを支払う：あなたは控除で立ち往生しています！
#wcvb"
158, *「私はジェミニよ」距離*に警察のサイレンを燃やし建物を叫んで子供たち
159, @pattonoswaltの@FoxNewsは、私は糞便ハリケーンはSFの上だと思った待って？たぶん私は最近たわごとの嵐を忘却してきたturdnadoたこと
160,あなたの体の「すべての自然災害GOのための緊急計画を作る」のような、あなたの心の「眠りサミにファックに行く」ときのように
161,私は火の上にいくつかのたわごとを設定したいです
162, @weathernetworkここで雹が来ます！
163,私たちは、#hiringています！ HTTP  -  RN II /緊急サービス/ FT / 7P-7A：//トンのCO / NV3Uxv9IMX #Nursing #Houston TXます
164,http：//トンのCO / ej30IhrEA9適用する場合にクリックします
165, //トンのCO / Twcds433YI：私は完全に彼らが破壊殺すと行動が群れうねりhttpsの前に発生する必要が休暇土地の荒涼としたレイプ同意するものとします
166, //トンのCO / PtY9HRCUZH：これは、この#OTRAMETLIFE IS WHAT ONE DIRECTIONコンサート、NOT A WAR ZONE HTTPです
167,これは、リスクを取っについてのすべてだ恐れることは何もありません
168,フィリピンは国内避難民を保護する必要があり、国連の専門家警告 - ディプロマットにhttp：//トンのCO / V0yRfH9DKc
169, WTFはこのお母さんは彼女の子供を溺死しました？！
170, USA：BREAKING NEWS：CHEMICAL流出/避難/ RED CROSSの緊急ます
171,http：//トンのCO / 007Npen6LG
172, @AlcoholAndMetal +は、彼がすべてのは、彼の生活の中で、信頼できる持っていた少数の人々のチャールズは犠牲者の一つであったことを修正するために何でもします
173,私たちのビルダーは、私のバンプで彼恐喝感情的に今日の午後に私の計画を台無しにした歯科緊急を持っています
174,この火災のビデオに出くわした鉱山が#fire #firemen #firetruck #emergency #rescue＃911 #summertime #sirens U_のhttp楽しむません：//トンのCO / hcYAJsAcfJ
175,私はそれを破壊考慮ベッドだけで作られたanthonysは????私はSMHを眠りに落ちるたび
176, Chiassonサンスは#ColoradoAvalanche #Avalanche HTTPを扱うために来ることができない：//トンのCO / 2bk7laGMa9ます
177,http：//トンのCO / bkDGCfsuiQ
178,洪水ゾーン：一般ラヒール・シャリフ訪問チトラル：彼はまた、救助オペラでFWO軍部隊と陸軍航空の努力を賞賛します
179, / R /写真HTTP経由距離で落雷：//トンのCO / iDmhSwewQw #picsます
180,http：//トンのCO / wwxcOB52zI
181,ベトナムのhttp以来アフガニスタンの兵士を殺す米国の一般的なアメリカの最高ランク致死：//トンのCO / SiHQPlUIDW
182,あなたの靴を形作るキープ??＃アマゾン#foot #adjust #shape #shoeミニシューツリーストレッチャシェイパー幅エクステンダーアジャスタブルます
183,http：//トンのCO / 8cPcz2xoHb
184,彼らの半ば20年代のより多くの人々が高血圧人生はストレスの多い#DecisionsOnDecisionsである必要はありません信じられません
185,パンデモニウム使用は私のFAVのCDであることを？私はそれのhttpを取得しなければならなかった：//トンのCO / 6WhUgaeM3C
186,あなたは低い自己イメージに沈んでいるように感じますか？ます
187,http：//トンのCO / bJoJVM0pjXます
188,http：//トンのCO / wHOc7LHb5Fクイズを取ります
189,マライアは肩貧しい少女に厚くなって
190,市緊急計画は、効果の滞在安全皆になりました！ #abstorm #yycます
191,http：//トンのCO / 14CIcptKNa
192,かわいそう「それは土砂崩れのように見えます」！ ?? #greatbritishbakeoff
193,私は、著作権侵害の奴隷と自殺爆撃が純粋に歴史的な誰もが、それらが再発生することが予想されたことが、1970年代に学校で教えられました
194,私の貴重なオリーブの木は、この戦い#yyc内の別のクレイジーな暴風を失いました！ @weathernetworkます
195,http：//トンのCO / N00DVXEga2
196,新巨人炎（GIANT FULL BLACK PANTOFEL）情報/注文SMS：087809233445ピン：23928835ます
197,http：//トンのCO / dthNEezupe PIC TwitterのCOM / pNPiZoDY
198,何か致命的なが来ている：万一我々チューンアウト？ http：//トンのCO / a8jZ5A26wi
199,干ばつである実??????
200,核ディール：米国の2つの原子炉ベースのプロジェクトの中心にインドと日本の協定の嘘：もし日本が先に行くことにしたのhttp：//トンのCO / XKURDr3yEv
201, Funtenna #hot：//トンのCO / J2aQs5loxu #prebreak #best：音波などのデータを送信するためにコンピュータ[ブラックハット2015]のhttpをハイジャック
202,私は彼らがやつ飲みに盲目の目を回すと手間」価値がない門限時間cos'itsの間に喫煙見ること@ScotRail
203,ブラッディ不眠症再び！ Grrrr !! ＃不眠症
204,ヘルファイア！我々はそれについて考えたり、それはそうÛªsは、それまでのリード線が#islamことを何もしないようにしましょう言及したいと思いますÛªtをドン！ @xDescry私は実際にそれが自然に非常に頼りないことを私に倒れ考慮信頼できる、それを呼び出すことが間違っていました
205,ナイジェリア：ヨベ州で暴風雨破棄600ハウス：[デイリー・トラスト] Damaturu -Over 600 U_ます
206,http：//トンのCO / BBQnK76qUS
207, @DrRichardBesserはい、私はないと思うだろう
208,"しかし、大学88-92ので、分散 ""紀元前ESPバイオテロを考えることではない困難をされています"
209,ゴナは、昨年の事件を脱落だけで全体の歯のようにAUL「緊急歯科任命」言い訳と明日呼び出します
210,核爆弾は恐ろしい武器である@abcnews !!
211, #Thorium放射性兵器スキャンダル殺人や環境荒廃： -  VIDEOます
212,http：//トンのCO / mly7sDN6eV
213,炭疽ラボ事故HTTPをきっかけに輸送バイオテロ細菌にもはやフェデックスません：//トンのCO / 4M5UHeyfDo @USATODAY経由
214, @YoungHeroesID溶岩ブラストダン・パワーレッド#PantherAttack @CunayyH @TaufikCJ
215,勇気と＃Hiroshima70日本軍が降伏httpsを拒否した1945年に原爆を使用する必要性の正直な分析：//トンのCO / VhmtyTptGRを
216, 573人の死亡は、U÷原子力災害関連死Ûªとして政府によって認定されています
217,私は、この古典的な納屋ショットを愛しています！私たちはよく、または数回刺して、http段付しまっ感電しまっていない可能性があります：//トンのCO / X6aSGRjsWC
218, @KurtSchlichterうんは、日本の死亡者の数百万人* *は没落@_FreeMarketeer @dibangのために投影されたことを考慮します
219,ほとんどユーロをクラッシュしたことを1つのUOバグ - のhttp：//トンのCO / KgkZ50Q8TK
220,パンデモニウムでアバとして女は顔（写真）なしで赤ちゃんを実現 - のhttp：CO / c5u9qshhnb //トン
221, @Dirk_NoMissSkiいや誰かの気絶はなぜ彼らはパニックしていますか？ thatsの基本的なもの??
222, @SwellyJetEvoディズニーランド！タコスは爆弾があります！中世の飛行機乗っ取りハードシェル：スターの逸脱をキャスト：dYxTmrYDu
223, @hrips_k uが死亡を行うと、死体のように、まだ震えているとき
224,トレッキング同情の大洪水が下がるTowboat：VTCます
225,http：//トンのCO / eaaQUMkkc9
226, //トンのCO / qwSbVfLPE1：＃ファーガソンの激動のhttp後の状態アクション年を見てください
227, ：スターメイド：Stardate 3：惑星消滅::のhttp：//トンのCO / I2hHvIUmTm @YouTube経由
228,私の最初のゲーマートロールを手に入れた私は、MLBのトロントでフィリーから子供を取り壊し、彼は#BacktoBack #ChargedUpを??????怒っていました
229,答えをYahooFinance＃希望@経由//トンのCO / MjTN3qbgOS：無傷+ MH370 +パート+リフト+オッズ+飛行機+滑空+ない+は+の中へ+海のhttpを墜落しました
230, //トンのCO / wvExJjRG6E：炭疽ラボ事故HTTPをきっかけに輸送バイオテロの細菌にもはやフェデックスを#worldません
231, //トンのCO / ouYLwuIXcs：エヌグ政府は、国際会議場でhttp違法構造を破壊します
232,私の最初の考えはピクサーた火山噴火のように見えた夕日短い溶岩のhttp：//トンのCO / g4sChqFEsT
233,白の人々は私はあなたが黒の犯罪に黒について精力的に心配知っているが、何を、あなたのマス殺人者の問題をどうしようとしています？
234, @Truly_StingsヨDmと私
235,RT kurtkamka：美しい荒廃ちょうど私コヨーテのカップルのいくつかのトカゲと朝日#Phoenix #Ariz U_ます
236,http：//トンのCO / 0z1PvJVdpf
237,災害回避：//トンのCO / 94SXKI7KVX：映画館でhttp「デマデバイス」と警察キルガンマン
238,あなたはÛªve恐ろしい沈没感はしばらくの間、お使いの携帯電話に家にいて、あなたがその3Gにされて、この全体の時間を実現しています
239,"愛の反対はここÛªsなぜ恐怖です
http：//トンのCO / r5bXZzhXkm"
240, NWSは、致命的な稲妻と雷雨がブラックヒルズ全体で安全なタイプがありますうーん前提とし、この夜を移動すると言います？
241,私は平和FALLING何かLOUD BANGをマイルームとI HEARD THISを座っていました
242,クロスボーダーテロ：パキスタン再び赤回りをキャッチ - インドのタイムズにhttp：//トンのCO / uiqsfgZoOx
243,米国は、そのインフラをアップグレードする文句を言いませんか？ http：//トンのCO / NGEHhG9YGa」が悪い状況とその非常に迅速に醜い取得するつもり#USAの#sustainability
244,私たちは無料ヘイルストームマキシます
245,http：//トンのCO / ERWs6IELdG
246, Chibi877 @それは大声でバタンと彼の後ろに壁にぶつかる--head「言語！」ドレイクは、私が出て行くよ」を取得する前に彼に叫びましたstay--
247,//トンのCO / E7OJhpdfG2：もっと危険でhttpアイルランドの道路が、歩行者や自転車の運転者死亡ダウン
248, / R /写真HTTP経由距離で落雷：//トンのCO / iDmhSwewQw #pics
249, //トンのCO / 48Zg5ynebnます：http  - イスラム国家グループは、U÷イスラム教徒の女性ÛªがÛªtを手放す上がらない場合は人質を殺すと脅します
250,私は嵐のちょっと怖いと私たちは嵐の中であることを言って、それは悪いです????助けて
251,"年長児の[コメント]死亡：データを何が#USを教えて？ http：//トンのCO / p8Yr2po6Jn
 #nghlth"
252," @KabarMesir @ badr58
革命が観察されている限りRABAA MASSACREのような大きな犯罪を死ぬことはありません
#rememberRABAA"
253,確かに！！私はその戦いを十分に認識しています！私はその戦いであなたをサポート！ https：//でトンのCO / MctJnZX4H8
254,美しいお尻の悲劇のような@itss_selenaluna笑
255, //トンのCO / B9KUylcxg4 MumbaiTimes： - ：ハンドを助けるインドの経験は、httpでムンバイ2 TTESは不安に親類を静めるためにヘルプラインを担当します
256,暴風持続性役得 - ツイスターの隠れ家で黙認：ZiUWます
257,http：//トンのCO / iRt4kkgsJx
258,@mattburgenerので@todd_calfeeはuが得枯れにその情報を見てみたかったです
259,どのようにしてスミソニアンで電車を脱線させますか？
260," U S PACIFIC COMMAND
私はそれを見ることができます！
彼らは、平和統一の祭りで彼らのすべてを与えました
それは時に自由に消えます
バイオレントストームは海を打ちました"
261,葬儀のようなUOの防弾及びブラック;私たちの周りの世界が燃えているが、我々はとても冷たいのhttpをしている：//トンのCO / uqssnAAtTu
262, RT @TrueDiagnosis：#physicianエラーから毎年25万人が死亡します
263,http：//トンのCO /DUtYzQR2P7åÊそれらの一つであることを避けるためにどのようにします
264,http：//トンのCO / Oznsxxvx U_
265, //トンのCO / ySG9vsrT4g：ちょうど毎日雑用のhttp水を見つけること - これらのカリフォルニアにとっては、アフリカのサヘル地域の砂漠に住むようなものです
266, @SoonerMagic_ I平均、私はファンですが、私は気のサイレンのようにオフに聞こえる少女は必要ありません
267,世界的な経済MELTDOWNはアウトです！ http：//トンのCO / @ seagull07 @AleisStokes @intelligencebar経由DGATKRdyNyストーリー
268,解体手段進捗状況：フリントミシガン州とアメリカのメトロポリスHighsmith氏のhttpsの運命：//トンのCO / ZvoBMDxHGP
269, 7月には1％アッププロパティ/損害保険の保険料：なし運動商業用不動産/ CASU HTTPの数ヶ月後：//トンのCO / KcLkoKqI8a
270,点火は（爆発）センサー-戦争標準KS94ます
271,httpノック：//トンのCO / IhphZCkm41ます
272,http：//トンのCO / wuICdTTUhf
273,私は、彼らが泳ぐ方法を知っている私の悪魔を紛らすことができません
274, 2015年8月4日PoconoRecord @EmergencyMgtMagを参照してください -  #Emergency計画を持っているどのように多くの家庭？ | http：//トンのCO / 7zlsUmIessます
275,http：//トンのCO / TdccH01N7q
276,フリップ側で私はウォルマートでだとそこに爆弾があると誰もが私は爆破かどうご期待に避難しなければなりませんでした
277,市の指導者音アラームとして元ヘロイン中毒者の株式の物語：市の職員が緊急チームが答え言っトンのhttp：//トンのCO / GZxIPMOknB
278, [JAXビズ雑誌]フェデックスは、潜在的な出荷を停止したバイオテロ病原体のhttp：//トンのCO / R33nCvjovC
279,カーステン・ギリブランドのhttp：//トンのCO / amEA3LaMDj拡張ヘルスケアに911最初の応答！
280, SpaceX社の創設者のムスク：構造破壊がダウンファルコン9を取ったのhttp：//トンのCO / LvIzO9CSSR
281, Redditの意志今検疫U_は、http：//トンのCO / pkUAMXw6pm #onlinecommunities #reddit #amageddon #freespeech #Businessます
282,http：//トンのCO / PAWvNJ4sAP
283,"真実
https：//でトンのCO / p5ZIcjUdXO
＃ニュース
#BBC
#CNN
＃イスラム教
＃真実
＃神
#ISIS
＃テロ
#Quran
#Liesます"
284,http：//トンのCO / kZhB8zX6YC
285,Redditの意志今検疫攻撃的コンテンツのhttp：//トンのCO / WosYPVQUFIます
286,http：//トンのCO / XW8SDS1Tjp
287,ナッシュビルの映画館で警察キルガンマン - インドのタイムズ：インド警察のタイムズ紙はU_のhttpを殺す：//トンのCO / K8BExkgwr2
288," 「侵略イラクは壊滅的な間違いでした」

外交は、米国とイスラエルによる戦争の一定の脅威を交換する必要があります"
289,"

http：//トンのCO / yqjpn3qUUX"
290, @sloneは、第一次世界大戦は、今まで本当に終了しましたか？波紋はまだであり、低レベルの津波への化合物となっています
291, #Insuranceテキサスは暴風保険会社への変更のための規則に意見を求める：保険のテキサス部門は、http：//トンのCO / byvUBg0WyE
292,"ハルマゲドンを逃れるためにプーチンの問題の主な警告に過ぎないことトゥー・レイト？
http：//トンのCO / gBxafy1m1C"
293,カイ・フォーバスはただ単に金属ビットに爆発逃したフィールドゴールの事でドリルフィールド上に設定気象観測所を撤去します
294,この熱のための準備は、私は太陽が、私はクーラータンのこの休暇を楽しんでいますから戻って来たくない波ではありません
295, Drsarwatzaib070 @ parlimentを攻撃してTV局を乗っ取るためMCourtに直面するだろうIKに来ます
296, Weyburnの警察は、省のフェンタニルの死の後に公開を警告する - のhttp：//トンのCO / 8bqjtp6iD5ます
297,http：//トンのCO / 8kjS7ZqAjS
298,//トンのCO / bM0SXzbNKE：パンデモニウムでアバとして女性FaceåÊなしで（写真）にhttp赤ちゃんを提供します
299, @TeeEss @dreamoforgononハイジャックすることはないが、正真正銘のように私は本当のようにこれを確認することができますcislady
300,偶発同性愛= / =ゲイ/女性のためのBI
301,一般的なJロートンコリンズ、第二次世界大戦ブックLIGHTNING JOEアン自伝ます
302,http：//トンのCO / R4khEH7iafます
303,http：//トンのCO / qSZgJfUutu
304, 9マイルのバックアップは出口31で右2つのレーンをブロックI-77南の事故にLangtree Rdが、代替としてNC 16 NC 115またはNC 150を検討します
305,私は国全体がそのように臭い場合飢饉がひどいされている必要があります初めてジャガイモを腐敗の臭いを経験しました
306, @darkreading HTTPからの新しいポスト：//トンのCO /インターネット経由8eIJDXApnp新しいSMBリレー攻撃盗みユーザー資格情報
307,なぜ私は疲労の文字通りたく崩壊、今日仕事に来ました
308,テレビ：ヴィタリー・チュルキンBriliantly公開しMH17災害についてウクライナのFM Klimkinの偽善のhttp：//トンのCO / tt4kVmvuJq
309,それは12時だと私の母は、誰もが原因で夜間外出禁止令の家に行くことを有することを特徴とするので@emmychappy
310, VAキャンパスに#homeless獣医を移動するためのボクサーファインスタインバック計画のhttp：//トンのCO / Gm80X3vutf緊急住宅を求める上院議員
311,中国の道路上の巨大な崖の地滑り：ウォッチ瞬間崖は、r、HTTP上に落石の巨大な塊として崩壊：//トンのCO / eEEwO207mXを
312,調査報道でYelpのボルスターヘルスケアレビュー：病気や負傷した患者ローカルERにはトンのhttpです：//トンのCO / E8aEGOFDY2
313,ちょっと#Royalsは2つのアウトでダメージを与えることが大好きです
314,黒い瞳の9：宇宙の戦いは、破壊された7と1236隻の船を合計1隻の艦隊を含むスターM27329で発生しました
315,私は略奪や建物の燃焼が、人々が戻って、私は誇りに思っていた警察との戦いを見たときにサポートすることはありません
316, 23時ホワイトトヨタ征服BKB066GP HTTPで2015年8月5日にVosloorus Gautengの車両ハイジャック：//トンのCO / odmP01eyZU
317,地震リスク：カラブリアとMALTAます
318,http：//トンのCO / HmRtqEykyI 2ケーススタディとの比較
319,中東の部分における時間以上とまだ強いAの停止のために続いた旋風
320," ＃シアトルの致命赤色光ランナー交差点を明らかにしました
 http：//トンのCO / gHk9Xup6E0"
321,ダチ本体の袋詰めミーク「私は、あなたはまだ他の1程度済たわごとではありません、私は別のものをした別のものをしました」
322,そしてそれは、雪の黙示録の日のいずれかを開始します
323,チューブのストライキのcosおかげでたくさんの道​​路工事の人にトッテナムから荒涼としたルートを歩くことになるので、破壊的な十分ではありませんでした
324,別の白マス殺人者、神、私はカリフォルニアにHTTPSを生きるありがとう：//トンのCO / 4COg0OTiWn
325,ハイジャッカーターン-SAT-チューター誰逃れ当局三つの数十年のためのhttp：//トンのCO / cSXvwXUZ6t @slate経由
326, @ArizonaDOT価格Rdを北警察は何のcrackinのリオ・サラドロットに大学から閉鎖してバインド？
327, USATODAY：今日の#frontpageオン：#Bioterrorラボ直面秘密制裁#RickPerryはFoxNew U_のhttpのカットを作成しません：//トンのCO / 5uKOHk7SoB
328,私自身、私の愛の生活は、私のapt内またはバルコニーに切り開くことができます
329,私は誤って87日間のスナップストリークを殺害し、今私は誤って崖を????????????????????落ちるしたいです
330, GREAT CONDITIONイーストンサイクロンソフトボールバットFastpitch（-9）20分の29 SK398ます
331,http：//トンのCO / rA2mAjPkq2ます
332,http：//トンのCO / y7gHHYK05b
333,関連ニュース：| CNN  -   - ヨーロッパISISビデオは、「人質を脅かしますhttp：//トンのCO / Wk6B5z803o
334,土砂崩れなどの@brobreadルックス????
335, @HorsetalkNZ経由//トンのCO / UotPNSQpz5：#bioterrorism当局は先にリオ五輪馬術テストイベントのhttpの#glandersの不安を和らげます
336, //トンのCO / BIkR8zzbhA：彼の21のhttpであったであろうものにBestivalクラッシュ被害者マイケル・モロイのためのパーティー
337, TWIAボードは、5％の利上げを承認：テキサス暴風保険協会（TWIA）取締役会は、HTTPをV：//トンのCO / TWPl0NL8cx
338, M Sの#shoalstrafficでデイヴィソンで道路閉塞ウッドワードアベニューノースバウンドで大破
339,街全体が捕捉され@onihimedesu！あなたは街を離れることができません！これは、通常のスポーツの愛の三角形の（c）ウィットマンガになるはずでした
340, //トンのCO / 0kCCG1BT06：それらの近くに砂の上半分は粉々のvisageの嘘のhttpを撃沈します
341,預言者（彼に平安あれ）「は慈善で半分の日付を与えることであっても、業火から保存自分を」と述べました
342, U S国立公園サービストント国有林：ストップソルトリバーワイルドホースの消滅ます
343,http：//トンのCO / SB5R7ShcCJ @Change経由
344,イスラエルの子殺し屋のための@robbiewilliams U FKN asswipe演奏FKNカルマ警察はUを取得します
345,//トンのCO / sAF9MoSkSN #KashmirConflict：今仕事で行った調査にACCは、http精神疾患に苦しむ#Kashmirで50％の人口をmorethan
346,もう一つの偽の憎悪犯罪のレズビアンは新しいです他に何の下、自分の家を燃やします
347,http：//トンのCO / 66oBQmxImb
348,知事は可能に1976年に26人の子供を誘拐カリフォルニアスクールバス乗っ取りのための仮釈放のhttp：//トンのCO / hdAhLgrprlます
349,http：//トンのCO / Z1s3T77P3L
350, Aサンタアナ警察連合（EU）のブロックは、スカイハイホリスティックポット診療でのレイドのビデオ - 大西洋のhttp：//トンのCO / yvV1RlghfT #SmartNews
351,あなたは便利なあなたシオニストは、尊敬と方法について「忘れる」たまたま「名誉」マス殺人者バルークゴールドスタインます
352,https：//トンのCO / 3KOB7xBeA0
353,炭疽ラボ事故HTTPをきっかけに輸送バイオテロ細菌にもはやフェデックスません：//トンのCO / HQsU8LWltH @usatoday経由
354,"熱波が執拗である：91å¡F100湿度55％+のような感じ
あまりにも執拗な干ばつ：今ドミニカーナ私の知っているが、他の場所で悪化しています"
355,南京大虐殺-4目撃者（英語）のフェイクます
356,http：//トンのCO / TiPnDEmPuz #Obama #Clinton #Bush #GOP #ABC #CBS #BBC #CNN #WSJ #WPO
357,今#ComDev #Asiaに？：//トンのCO / iOVr4yMLKp：#Bangladesh放送#programs中のラジオ局は、http #komen今後のサイクロンに対処します
358,私の赤ちゃんの女の子の車は、神に感謝重大な傷害午後wreakないと彼女はシートベルトを着ていました！ http：//トンのCO / NJQV45ndS2
359,OK平和私は私の尊厳と一緒に崖から落ちる願っています
360, @ colinhoffman29私は彼が希望と私はあなたがあまりにも爆発で死ぬ願っています
361,私のドローンはフリーク暴風後になってしまったところくそー思っていました？ https：//でトンのCO / dHgGxo7Mcc
362, UPDATE：9つのマックの長所の7月に買った私の会社は、大災害の失敗が修理を必要と持っていました！メッツのための老いたメルトダウン勝利
363, 5/6は、全領域がBうレッグC競争力を破壊する過飽和はいブロックトンは$ 12MとREGC連邦PPCとを取得します
364,ファッションのための人権侵害や森林破壊の最前線から新RANレポートします
365,http：//トンのCO / tYDXauuEnQ
366,チャンスは私たちの多くは、まだすごいが、それはもうバニラすることはできません理由です進化を必要とする理由であると破局から掘りされています
367,死亡のhttps：//トンのCO / GF5qjGoyCi
368,この火はあまりにも近く博が起こっている方法です???? http：//トンのCO / drf3mmRbyx
369,パレスチナの1800年の英国の委任統治から9000枚の写真 -  'パレスチナ人の痕跡をhttp：//トンのCO / X8i0mHYRmN
370, RT NotExplained：悪名高いハイジャッカD B・クーパー、HTTPの唯一の既知の画像：//トンのCO / JlzK2HdeTG
371,バットトラウマエクストラオーディナリー
372,ステートアクションを見イヤーファーガソン後Ûªsの激動のhttps：//トンのCO / M4tuI0P9nT MDは、[レポート]法案のために最後のグループに記載されています
373,目の錯覚 - 津波のような山々のルックス以上に転がり雲 - ジュネーブ - スイスのhttp：//トンのCO / EyEVZIoPg1
374, //トンのCO / GXq1Auzb18：尊敬のジャーナリストは、アドレスされていない#childhood #trauma @keithboykin @RandallPinkston @pozarmy HTTPの悲劇的な影響を思い出します
375,中国MII©ヴィルHTTPで爆発の三つの瞬間：新しい世界を探る//トンのCO / OTrwZ1t9spます
376,http：//トンのCO / xVlkFCvfX5
377,"笑
一部の人々はアメリカで最もギャング出没都市の一部でそのライブの話をどのようにタフに見えます
あなたの口は武器ではありません
あなたはクソ弱虫"
378, A吹雪HTTPの新#photoオーク：//トンのCO / HK9Yf72OVAは#SouthDowns #Hampshire #photography #art #tree #treepornに#winterで撮影します
379,余震のいくつかは、単に最初の地震の大きとしてすることができ〜のhttp：//トンのCO / HKbPqdncBa
380,バイオテロの先生を戦うために
381, //トンのCO / XBznU0QkVS：10年頃ドイツ西部のhttpでの化学公園で爆発で負傷
382, #NowPlaying：エイリアン死傷者によるダブステップHARDSTYLEトラップメッシーミックス（イベント記録）@Mixify HTTP上：//トンのCO / m203UL6o7pます
383,http：//トンのCO / m203UL6o7p
384,クリス・マリンと2015から16の聖ヨハネÛªsのための5つの燃える質問と@StacDemonます
385,http：//トンのCO / NmRVTHkvAh #SJUBB
386,"私の好きな女性は、私たちのボランティア会議に来ました
うまくいけば、彼女の若者の衝突に参加し、私はエキサイトのhttp午前：//トンのCO / Ij0wQ490cS"
387, 2個18WクリーLEDワークライトオフロードランプ車のトラックのボート鉱業4WD FLOOD BEAM  - フルREA U_ます
388,http：//トンのCO / ApWXS5Mm44ます
389,http：//トンのCO / DS76loZLSu
390, //トンのCO / n2cY3Z4TPB：PolicyLabは、アドレス児童虐待とネグレクト死亡HTTPにNYCでCECANFの最後の公聴会今日と明日、@です
391,伊那Butedガールクラッシュ??
392, CR 516で＃NJ36 SB上の傷害と事故/ Leonardville Rdののhttp：//トンのCO / 2xwIHy2wsg
393,シボレー：// T CO / OBkY8Pc89Hのhttp：// T CO / dXIRnTdSrdアバランシェLT LT 2011は、自動5 3LのV 8〜16 vはU_ HTTP Bピックアップトラックのプレミアムを使用WD
394,あなたがしなければならないのは、Googleでのスポーツの暴動を見ているとソファが焼かれるよりあなたがより多く表示されますあなたFR奨めHTTPSを行く：//トンのCO / P1AmgINsYs
395, 「ビッグテンは、毎年恒例のサッカーメディアの日を持っているが、我々はそれに入る前に、ここでいくつかのサイクロンは、ナゲットを募集HOOPSの」
396,致命的な傷害の急性期医療に続いて、それのきっかけにPTSDは、多くの場合、以下の先例をとり、HTTPを未検出：//トンのCO / BZkqpl6R0a
397,そして、私のFAMは、TO避難BC WE NEEDのパワーを持っていました
398, @PhilipDuncan @breakfastone人本当にフィリップは、あなたがいることを予測しているだろうと思った「最後の夜で全滅を乗り切ります」
399, @peterjukesしかし、「政治的軍事的大惨事は、」個人が計画され、コミット犯罪だったと信じるに十分な根拠があります
400, @Thucydiplease @freddiedeboerあなたはより広くだけでなく、コーツチャールストン虐殺ウォルター・スコットの上昇と黒のさえずりを持っています
401,セブンシーズ -  U_のhttpの中に沈めリーフを打った後沈んだGiannis Dの大破：//トンのCO / Gn3WHNSFIbます
402,http：//トンのCO / fWpOF5TwoC
403, 「平時と国家緊急時」BOTHインチ@Bilskoと突然、私は研究@humofthecityが殺到しています
404,タープは外野保護され、内野が殺到取得移動することはできません
405,警察：#Chicagoの#news CUSに取り込まれた二十代の若者：エヴァンストン門限違反で逮捕ティーンエイジャーは、盗まれた自転車に乗りました
406,無人車上#Autoinsurance業界の無知：#healthinsuranceます
407,http：//トンのCO / YdEtWgRibk
408,救世軍のホストは、子どもたちと再接続父親に結集：救世軍はU_のhttp学校の集会に背をホストしている：//トンのCO / rDjpor3AZg
409,それは訴え死んイムあるヴァルそれです
410,そのだけで寒いと寒いを取得し、より速く、より速く、私が最初にそれを実現する際には、自然災害のようでした
411, @fuckyeahcarey @BornVerifiedドレイクこの男を殺し、紅茶、この時点で死体を袋詰め
412,暴風雨破棄600家にヨベ| iReporterます
413,https：//トンのCO / 0rNY349UnT @sharethis経由
414,"境界のインバウンズ/アウト：

多くが地すべりでNL東を獲得するたNatsを選んだが、それらは現在2のhttp座っ：//トンのCO / l0dEoCxU6oを"
415, Clicoの救済計画への保険契約のオブジェクトのhttp：//トンのCO / E4DvI9vUXZます
416,http：//トンのCO / JyCpf8iYhg
417,@OriginalFunko @Spencers THUNDER BUDDYS !!!! THUNDER BUDDYS !!!!
418, @ BradleyBrad47ええけど、高速であり、かつ非常に高いダメージを与えることは、あなたは高速したい場合は、そのすべてについて、その後イムは、getのuザ・に持っているつもりものです
419,唯一の非有害化学物質を使用したためにリサイクルからオランダ1916は、継続的に環境にやさしい存在を維持するために努めています
420, @ SnowyWolf5 @TheGreenPartyあなたはかなりの時間でメンテナンスや風力タービンのための全体の原子炉を停止します以外にも？
421,"ああ、そのRLYシートをたわごと
Aaaaaand雷と稲妻があります
私は夏の嵐を逃しました"
422,彼はきみのGIの専門家は、全人医療であるインサイドアウト今から火山番号を歌った最新の研究を知っているだけではありません
423,新婚夫婦は、シリア難民の数千人を養うの代わりに、宴会、結婚式のディナーホスティング - のhttp：// @smh経由トンのCO / XZV0lT9ZZkを
424, @Epic_InsanityそれはGrimrailデポ外に脱線してしまいました
425, @alextuckerのVOLCANO BOWLドリンク
426,村の人質によって行わ@minhazmerchant素晴らしい仕事
427,彼女の心が破裂すると、彼女の肺は崩壊し、何の空気がなかったとして、それら秒の痛みがひどいされている必要があります
428,確かに#Megaquakeの物語は、パニックの感覚をもたらしたが、質問です：本当に意志の何も変更？ http：//トンのCO / 9f3rDN9N3D
429, #ThisDayInHistoryに1862南軍の船に乗組員を読んで爆破よります
430,http：//トンのCO / @History経由IW7ELSzIfZ
431, //トンのCO / zwVyisyP2B：荒廃を考慮し、この脆弱な世界経済の選択肢は、それが最善の理由httpsのだ引き起こします
432,過去吹雪チックタックつま先の戦艦ファーストフード木っ端から戻ってゲームを持参@Habbo
433, @OllyMursAus私は彼のために残念に感じています！彼は肉の部分ではありません！彼は、人々は彼の顔に彼と悲鳴を急いでする必要はありませんナイスガイです！水族館オーナメントレックセーリングボートサンク船デストロイヤー水槽洞窟インテリア - フルU_のhttpを読む：//トンのCO / nosA8JJjiNます
434,http：//トンのCO / WUKvdavUJu
435, //トンのCO / s0Eyq1wEHE @gerenciatodos A：この夏クラッシュ@accionempresa中国Ûªsの株式市場はバーゲン狩りのhttpから関心を巻き起こしました
436, @ IAFFLocal4416最初の対応や、彼らが保護して充電している公共のものを除いて失われていない生活？
437, @aelinrheeマスカラまみれの女の子の暴動のグループは、私が考えて恐ろしいとなります
438,//トンのCO / k9aSKtwXfL：幼児は彼のパジャマのhttpをフェッチするお母さん左室後にお風呂で溺死しました
439,私の溶岩ランプの男をチェックアウト???? http：//トンのCO / To9ViqooFv
440,強く、単に自分の仕事をやろうとしたものに対してカラチA卑劣な行為でARYニュースチームの攻撃を非難！通常のサイクリング子供たちとスポーツを伴う外傷傷害：監督トラウマNSます
441,http：//トンのCO / 8DdijZyNkf #NSます
442,http：//トンのCO / 52Uus4TFN3
443,オランダのクレーンは覆すの家を崩壊：//トンのCO / dYy7ml2NzJ：劇的な目撃者のビデオは、一瞬にオランダのクレーンの巻上のhttpをキャプチャします
444,最終#Medinah更新：撃たバック#ImKeepingMyDayJob上（と爆発）前面に105 49 56（PICは有名な＃17です）のhttp：//トンのCO / kcmbBwwp8G
445,母南タンパは浸水hah- WAIT A SECOND I LIVE南TAMPA WHAT AM I GONNA DO WHAT AM I GONNA DO FVCKの#floodingを得ています
446,"何この意味私アスクン保ちます
私は答えを持っていないように
プラス私は間違ったことを言っている場合
これはちょうど、災害に変わるかもしれません"
447,携帯電話ショップ：のhttp：//トンのCO / iOq051t5te＃629 8ピンライトニングコネクタ2 1A車の充電器の場合アップル5 5S 5C 6 6+私U_ます
448,http：//トンのCO / klxAUcNP5I
449,スイートピーの者は、割当で暴動を実行している - と雨の日のhttpを明るく：//トンのCO / 6NdBFOPK5m
450,それでも雷雨を乗り越えることができない/私たちは通りが暗い中である昨日の半分に目が覚めたトルネード！ http：//トンのCO / Y8h5v1j2y7
451, //トンのCO / nNBEXhKlHr：博士オーウェンは、フェレルの10銃弾の傷の4つ#KerrickTrial #TWCNewsCLT HTTP「急速に致命的な」だったと言います
452, LONDON IS溺死とIIII LIVE BY THE RIVEEEEEER
453, Û¢ファンは、第二のhttpに蓄積して衝突：//トンのCO / sKVNmtZGeGサウサンプトンとフィテッセアーネムサポーターが衝突した後、機動隊が介入します
454, #Cyprus：ニュース分析：ムラー・オマルの死は、タリバンのランクを分割することができる - オマールの崩壊は確かにhttpつながる：//トンのCO / AJkmcusWHo
455, #RaheelSharifが実権を握って1人のRIGHTの男が沈む船が完了ダーク・ストーミー・潮シーまあに包ま保存することができますどのように顕在化されます
456,"嵐：デイの写真@kunalkapoor
チェイサー
http：//トンのCO / 4WJy7seHmw
#photographyは#pod"
457,青年はクルナで感電| http：//トンのCO / 3EnyNdXpPmます
458,https：//トンのCO / GQpi7jMKan @sharethis経由
459, @FoxNews @JenGriffinFNCあなたが到着時に遺体袋を持っているのemを教えて危険な活動を報告するために呼び出すとき
460, @ samanthaturne19 IITは、論理的には多分右呼び出していたかもしれませんが、それは大量殺人行為だと私はそれを制裁することはできません
461,サンアントニオスターのヘッドコーチダン・ヒューズで怖いものは傍観者に遭遇してから今床ストレッチャーの上に椅子の上に落ちました
462, @HuffPostRelig経由//トンのCO / Wf8iTK2KVx：ユダヤ人の指導者たちは、パレスチナ人の家族が放火httpの後に処理されている病院で祈りました
463,アンティオキアの撮影にカーマイク・シネマズ：スタッフとファーストレスポンダ安全である「最優先」のhttpのための「私たちは感謝している」：//トンのCO / BehfHspPud
464,点火は（爆発）センサー-戦争標準KS94ます
465,httpノック：//トンのCO / dY1erSDcRhます
466,http：//トンのCO / m4cPmxmuRK
467, //トンのCO / vXUFtVT9AU：ファーガソンの激動のhttp後の状態のアクションを見て一年
468, @AisuMage @AkumaReisu --justグレーとオフィーリアの間area--でほぼすべてを設定し、彼女の人の周りに燃える炎を赤
469, //トンのCO / X9CUiHIb5n：カモメの呼び出しや、原子炉#sizewell HTTP sandunesに海の穏やかなラッピングをローリング
470, #BREAKING：私は5 @ Your4State #WHAGに詳細があるでしょう、今日#Hagerstownに起こった致命的なオートバイの車の事故がありました
471,ソラノSR37 /スキャッグス島Rdの**のtRFC衝突-1141 Enrt **のhttp：//トンのCO / MylIeRUXK1
472, @ Dead_Dreamer15それが火災にあった場合は、安全上の問題になるだろうそのため、
473,//トンのCO / oQw8Jx6rTs：@BryanSingerから最新の#Stormが#Apocalypse @RuPaul @AlexShipppp HTTPで女王である明らかにする
474,ゴールバーンの男ヘンリー・ヴァンBilsen行方不明：緊急サービスから姿を消しゴールバーンの男を探している彼のU_ます
475,http：//トンのCO / z99pKJzTRp
476,石油・ガスの探査は、ソマリアへガボン地震シフト取り - ブルームバーグます
477,http：//トンのCO / bEKrPjnYHs＃を??????? #Somalia
478, @random_tourist落雷によっていくつかの男の木のヒットを雨が降ったし、いくつかjackholesが殺到通りに運転しました
479,オーブリー本当にアウトここでは、体袋詰めミーク
480,テレビでパイルアップもレース出血保つこと@ Benjm1 @TourofUtah @ B1Gregoのこぎり
481, RT @GreenHarvard：文書化、気候変動の最初の主要な犠牲者のhttp：//トンのCO / 4q4zd7oU34 @GreenHarvard経由
482,私の隣に小さな女の子が空と悲鳴「お母さんにスポットライトを見て！私は空に天使を参照してください見て！」 ????
483,オグンの密輸はshootoutåÊに税関を従事：数人は、伝えられるところでは水曜日に負傷したときのhttp O男性：//トンのCO / pUXBC2LoYK #RT
484,緊急ユニットはNUで、化学爆発をシミュレート - エバンストン今すぐにhttp：//トンのCO / kfyEbhb3DI
485,イチゴは、解決策のhttpを見つけるために、大きなトラブル科学者レースである：//トンのCO / MqydXRLae7ます
486,http：//トンのCO / EpJjkB4Be9
487, THE JEDI COLLECTION 1バトル・ドロイドHASBRO OF STAR WARS POWER  - フルeBayがHTTPを読む：//トンのCO / xFguklrlTfます
488,http：//トンのCO / FeGu8hWMc4
489,私の血には鍬はないではありません
490,ちょうどそのクールな私をファックどこ一切の出てきたんこの嵐はそう
491,どのように一つのカップルは、世界最も致命ボーダーでhttp保存難民へのドローンを使用している：//トンのCO / 9qpG0Z3Rh9
492," 950は、地すべりはあなたの側にtodayI'mを下に転落した場合

そして、ツイスタースイープであればそれをすべてaway-

YOU'RE ON YOUR OWN BITCH！* *距離に実行されます"
493,私は非常にすぐに#Pandemoniumのhttp SFAになります：//トンのCO / RW8b50xz9m
494," KalmikyaアストラハンVolgagradとダゲスタンではイナゴのために残された食品はすでにありません

  http：//トンのCO / @TIMEWorld経由79Fw9zWxtP"
495,あまりにも多くのたわごとは、私はそれをすべてthruuu生き残る方法IDKのWTF今日起こりました
496, #PT：//トンのCO / f4LhfmEhzh：ISによって攻撃ユニットは、若者にhttpイスラム教徒の学者を対象とし、投獄を担当していました
497,//トンのCO / 65xR1p9sOO：七中国のキリスト教徒は、クロスオーバー解体広範な怒りのhttpなか拘留されています
498, //トンのCO / N0tAwGeZJx：カタリナスで火災がちょっとこの絵はそれ正義HTTPSをしないクールに見えますがあります
499,ビーチは私のたわごとに損害を与えました
500,私はパニックに行ってきましたので、明日は一年になるだろう！ afycsoライアンの格好のコンサートは、uの人はそれを覚えていません
501, //トンのCO / rJac5sItEpます
502,http：ハイジャックAPCでバイエルサ状態に移行します
503,httpオン忍耐ジョナサン//トンのCO / Plqf1bikS4
504," ＃ああ、神様！私はこの#RIP仲間を信じていません
#AirPlane #Accident #JetEngine #TurboJet #Boing＃G90のhttp：//トンのCO / KXxnSZp6nk"
505,ソルトリバー野生の馬の消滅を停止！ http：//トンのCO / @Change経由wVobVVtXKg
506,ロサンゼルス・タイムズ：放火は北部に巻き込ま30回の火災にリンクされている疑いがある - のhttp：//トンのCO / xwMs1AWW8m #NewsInTweetsます
507,http：//トンのCO / TE2YeRugsi
508, //トンのCO / JA0WGp8sPe：彼女も私がfloatinヘッド#bombed HTTPだ背景には、私に気付きませんでした
509,"実際の生活の中で本当の魔法：

女性はオハイオ州の町に奇妙な死亡とのhttp後のFBIプローブの焦点を行方不明になった：//トンのCO / 6m0YNJWbc9"
510,麻薬戦争は、WARゾーンにU Sになっています
511, [レポート5]午後6時22分45秒茨城県沖M5 5深さ60キロ最大震度4 #Earthquake
512,ウエストバレーI405 N / US101 S I405 Nコン**のtRFC衝突-UNKNインジェクション**のhttp：//トンのCO / jS9EhP88wQ
513, @stunckle @ Gordon_R74 @crazydoctorlady私は専門家だが、生のウランや原子炉の燃料棒は2つの非常に異なる生き物です
514,それはへの股関節端でalilツイスターです！私はナOHのようだった??
515, @ camilacabello97内部と外部の悲鳴
516, @CyhiThePrynceはその#ElephantInTheRoom ????????でカニエに爆撃しました
517,正直なところモディボ・マイガカントー生活を盗んで - ファックすべての彼について - イム私の最高の過去が、まだ多くのことfucktardの#coyiよりも危険
518,私たちは、ネオンのように燃えされます??????
519,銃創＃9は、エリア#KerrickTrial #JonathanFerrell胴体/力こぶ胸にない10の傷の一つであります
520,折りたたまれた下水道ライン#TVJNewsの結果として、モンテゴベイで閉鎖を余儀なく別のエンティティ
521,ジャック・ウィルシャーが悪い怪我は#Arsenalを助けていない彼のオフフィールド行動をrecordandました
522, //トンのCO / nnv3zwVANt：それは干ばつ#cloudの#IOTがHTTP節約水を支援しているかチェックを廃止するための時間をÛªs
523," @nytimes
イラク、シリア、リビアなどで西で作成された激動のために"
524,ここに雷が深刻なものです！ Shadowflameとレイスは：爆撃ます
525,http：//トンのCO / LDBaO0rSuz経由@amazon
526,私の背中はとても日焼けさ:( IJは：テキサス州では暴風保険会社のhttpへの変更のための規則に意見を求める：//トンのCO / h132iuL7MU @eyecuts @Erasuterism I愛96ギャルデコを死にそれが持つ素晴らしいことするビットトリッキーだ場合でも
527,喜んでより多くの武器はスプラッシュウォールを得ている私は5年の時間の旋風は、それがされているどのような今日の前にイギリスに移住ます
528,http：//！トンのCO / eaSlGeA1B7
529,ブラッディ地獄は、それはすでに「暴動」#hyperbole #saintsfcにアップグレードされています
530,おっと：バウンティハンターはフェニックスの警察署長の自宅を襲撃しよう：//トンのCO / dGELJ8rYt9：武装賞金稼ぎのグループは、hのhttpを取り囲みました
531,砂嵐！！！ WOO HOO !!
532, //トンのCO / UttaNbigRx：食品を輸出することは、問題のアフリカ人がCONTROL TRIBAL戦争HTTPSをOUT解くことによって、飢餓nは貧困を終わらせるだろう解決文句を言いません
533,ランダムの突風は、単にいくつかの対流流出はまだ雷を聞いていない
534,おそらく#Ganderて来ましたが、雨#nlwxの数スピット
535, //トンのCO / 2z8UbsY5M8：マンセーラHTTPで墜落したMI-7ヘリの主なHamayunシャヒードパイロット
536, CW500：災害への対処 - のhttp：//トンのCO / jq9nJ6Gko3
537,今夜は@LondonFireでロムフォードの火災に出席しているありがたいことなし怪我のhttp：//トンのCO / iyjeJop2WI
538, @LindaSOCVAT @TfLBusAlertsはい明らかに悲しそうにも牛の死亡の報告
539, Jrowah：ニュース速報！未確認！私はちょうど私の隣人のお尻からの風の爆発と思われるものに近くの大きな音を聞きました
540,//トンのCO / lhTvKcoISo：EEは爆発やけどの女性UOザ・登録httpの後パワーバーの携帯電話の充電器をリコール
541,ます
542,https：私はちょうど@Vimeo上のVIPホームページグループに「自分の家サンディファーストレスポンダロスト」を追加//トンのCO / lKXi6UXjaQ
543, //トンのCO / WftCrLz32P：男性のためのお試し日付セットは放火強盗のhttpで起訴しました
544,ます
545,http：//トンのCO / 7LhKJz0IVO Aデイトンエリア組織は、それがサイバー攻撃に見舞われた私に語りました
546,"癌は#Blackpoolにおける全死亡の約25％を同一視

兆候をKowingことはあなたの人生を救うことができるます"
547,"http：//トンのCO / 5lNIdvoBff
#BeClearOnCancer"
548, EPAは、毒性エリア#Buffaloに家の取り壊しを開始します - のhttp：//トンのCO / noRkXBRS6Gを
549,若いドイツのストームトルーパーはソンム1916 [800 582]の戦いのhttpに従事：//トンのCO / yxvMifLvc4
550, //トンのCO / x8zqbwNfO1：カナダ環境省は、第二竜巻が先週末AE HTTPを着陸確認します
551,"それは泥流だ@Lolly_Knickers
これは、ゴム製のタイヤに噛むようなものです
そして、私は終わりだものと
#vaginaorcake #GBBO"
552, A医師はEVER HARM'S WAY HTTPで自分自身を配置することなくAN #EBOLA患者を治療IMAGINE：//トンのCO / dliZfkk30Y
553,政治=就学前の姿勢：ロシアの受注はそれが気に入らないの国々からすべての食品破壊する - 世界には飢えはありませんが？
554, @ APhiABeta1907ワット/醜さによる2 @FBI ID U $は私のホーム@ABCで別のtolewant'gだAMESocialAction校友会のBIOTERRORISMI'm彼女@あなたの「醜いです」
555, @Glenstannard @EssexWeather私は近く緊急サービスを聞いたところaboutsとして知っています
556,"人生はアンティオキアで、今日の応答を保存するための私たちの最初の応答者、特に@MNPDNashvilleに感謝！ Tシャツの上に工場押しデザインで働いていたが感電ました
私はER #WorstSummerJobであったD /トン障害のある地面のボスは私の給料をドッキング"
557,唯物ベスト#TalkRadioの崩壊のインタビューライブ聴くます
558,http：//トンのCO / sDXZHjco0X
559,第一チームの選手の一部が負傷してしまった場合@TheHammers_ @ tonycottee1986 alsowhat？その後Bilicはthemheが勝つことができない演奏が予定になるだろう
560,大雨と雹を@HeyItsEpark
561,中世の飛行機のハイジャッカー種皮：業績区別ダイバー：HtaRvrGLY
562,ペンドルトンに燃える火は、300エーカーを燃やしています煙はテメキュラHTTPを介して漂流報告：//トンのCO / ZR5RgbGh03
563,すべてのことパニックは私が疲れて作られ; __;私は私のベッドで眠りたいです
564,請願|それが崩壊するまで馬をホイップすることをハートレスの所有者は、彼が彼の動物を維持することができ言われます！思い立ったが吉日！ http：//トンのCO / 87eFCBIczM
565, @blakesheltonはすでにうわあ暴風FOLLOW MEでおなら??することはありません
566," 「兵士のトラック輸送は、誰もパニックを爆破されますが、1頭の小さなライオンが死ぬとき、誰もが彼らの心を失った場合」
http：//トンのCO / wjNTaOkdHf"
567, //トンのCO / DRvm8ISOtE：明日の夕方の通勤は、この地域に影響を与えるRED LIGHT Aの暴風雨が夜遅くにHTTPをそれの方法をプッシュします受け取ります
568, U S国立公園サービストント国有林：ストップソルトリバーワイルドホースの消滅ます
569,https：//トンのCO / sW1sBua3mN @Change経由
570,右私の目の前で車2台が衝突し、私は時間で停止hadnt場合、それはあまりにも#ButGod ????私をしてきたでしょう
571, 114最後の年の最初の半分以上||  -  6ヶ月のマークの時点で662人が死亡の合計がありましたhttp：//トンのCO / reOz7H3Em8
572, 'アマチュアナイト' 女優は 'サイレン' の役割をReprises  -  HorrorMoviesは#horrorます
573,http CA：//トンのCO / W9Cd6OFfcj
574,サイクロンコーメンは、今日は彼らを助ける必要が今週ミャンマーで家族を荒廃します
575,http：//トンのCO / fCujsIOyQO
576,"オデオンシネマ後怒っトラフォードセンターの映画ファンは、偽火災警報次避難しました：
 TWIのhttp：//トンのCO / RYEQMxIrj8 #manchesterlite"
577,戦争で多くの犠牲者があることを心に訴えるのリマインダーます
578,http：//トンのCO / Mwmt3BdR5L
579,あなたそれのつもりアップ混乱が爆発した場合@allen_enbot
580,今日Ûªsストームが通過します
581,この愛する暖かさでキスバスクと明日Ûªs光グリートあなたを聞かせて
582,至福へのあなたの魂のリターンをしましょう
583," RT AbbsWinston：#Bethlehemで#Zionist #Terrorist解体タイヤ修理工場の構造
http：//トンのCO / ph2xLI8nVeます"
584,http：//トンのCO / 22fuxHn7El
585,豪雨や停電を軽くサンダー！スキニージーンズはあなたの健康のために危険です！ #socialnewsます
586,http：//トンのCO / 92Pk0HujD8
587,すべての雹シャドウ（ハイブリッドミックス・フィーチャリングマイクSzuter）します
588,http：//トンのCO / 9e2f7bIvlE @youtube ##ユーチューブ
589,私はちょうどでチェック！ @ZomatoAUS #LoveFood HTTP上での火災でUO：//トンのCO / 9l5kqykrbG
590, @Beyonce @NicoleKidman @Oprahこれらのお金grubbing kikesはclueIはお金がない取得する必要がありますが、私はまだテレキネシスウォッチを破壊することができます
591,メッセージボードは、今日始めて更新されたトラフィックの死亡者数（582からアップ）して、新しいメッセージが表示されます：交通事故死616  - スロー労働者のために
592,ときに世界を衝突からのワンシーンのよう@tackettdc
593, RTのpatrickjbutler：キッズ会社の閉鎖の優れたdamiengayleの目撃証言：「あなたは爆弾を投下し、U_のhttpを期待：//トンのCO / pHH1VmLfoo
594,今夜の子供たちが食料や水なしで一週間後にプレイルームから救出された@BrittanyPetko速報ニュースは、両親のセックスライフ（笑）に行います
595, （おそらくアメリカのGREAT値を表す）ホワイト家族は恐ろしいCGI核攻撃LMFAOOOOに爆破ます!!!!!!!!!!!!
596,兆ラインに3回目を横切る場合、彼はインスタントキルダメージを与え、フィールド全体の攻撃を行います
597,雷雨で遊んでいるのniggas ???? 'HOPE THE LORRはEM BLESS' を
598, //トンのCO / swQ5lMyDka： - 放射性ボックス隔離緊急チームがHTTP emittin放射線を発見したとき、イスラエルÛªsアシュドッド港を排気しました
599, #Glimpses：ハイデラバードは、豪雨によって殺到| http：//トンのCO / DctV1uJLHcます
600,http：//トンのCO / QOx1jNQSAU
601,米海軍の傍観3回の最新潜水 - のhttp：//トンのCO / guvTIzyCHE：DefenseNews comUS海軍の傍観3最新SubsDます
602,http：//トンのCO / SY2WhXT0K5 #navy
603,主要な暴風雨の出来事！私は横になるとbebacksoonしばらく少しのための私の周りの襲撃に離れてドリフトするつもりです
604,私は断固として核兵器に反対します
605,ウォータータウン官報の所有者は、難破船のhttpで充電：//トンのCO / JHc2RT0V9F
606,私は、http @YouTube動画を気に入っ：//トンのCO / 43sXG9Z6xh TREMOR IS NO JOKE！ 【TREMOR DLC] [死亡/ X-RAY]
607,チリにリリースされトラップされた鉱山労働者についてのハリウッドムービー（EudryLantiqua？）： '33' ホリーのhttp：（？EudryLantiqua）//トンのCO / us1DMdXZVb
608, 「私は楽しみのためにインド人を殺すために来た」：ニヤニヤ笑いのビデオとremorselessパキスタンキラーショー彼自慢のhttp：//トンのCO / FPjLwOXKlg
609, WIN：Lisowskiは上海マスターズQUALS 2ラウンド旋風5-0をwhitewashes！ | http：//トンのCO / MLigPUHVOh #snookerます
610,http：//トンのCO / TcS2Cd5y6y
611,私は#drained分#whirlwindで私の人生の中に入るもののない制御を得なかったような気がします
612, @CSAresuアメリカの悲劇のhttp：//トンのCO / SDmrzGErYX
613,スキニージーンズはあなたの健康のために危険です！ #socialnewsます
614,http：//トンのCO / pAQanenCeS
615,@_jeesss_ @ Ethereal_7こんにちは911ええ、私たちは誰かここに溺れているAメディックのhttpを送信：//トンのCO / 7GiglwdMhy
616,"閉塞のパス
死地から復活
@KyleWappler @thisishavehopeによってストーリー

 http：//トンのCO / 1PdNlsP8XW"
617, 2Leezyそのあなたが崖を落下しようとしているようですが、あなたは私の手をつかんだが、私の手のひらは汗まみれなぜbruhですか？ https：//でトンのCO / GrWdr4kuf3
618,"彼がクラッシュしようとしていますか？
クイーンダイましたか？
何かが爆発しましたか？
誰がHTTPを知っている：//トンのCO / LThMwtl5fP"
619,シカゴエリアゲイバーの所有者は、放火スキームのhttpを認め：//トンのCO / ZPxE3fMYNG #LGBT
620,ウォッチサラ・ペイリン消し去る家族計画マイノリティ女性をターゲットに！ UO BB4SPます
621,http：//トンのCO / Dm0uUpqGWY
622,ハード私は二回で十分バウンスので、私は底を打っ溺死する前に、私は地面と泳いオフ自分自身を選ぶので、この時間は約異なっています
623, 「それは土砂崩れのように見えます！」そして#GBBOはbelterで帰ってきました！ @ColdMpress大量殺人今夜をコミットすることができ、最大？
624,私は野生の火災について読んでいたときJennife29916207今日はあなたについて考えていました@
625,@SophieWisey I #mudslideことができませんでした
626,別の日が経過しているとありがたい中央コマンドには、新たな犠牲者をHTTPでのそれらのためにお祈りください確認されなかった：//トンのCO / mFSw0tYstA
627, //トンのCO / jbLrRNMdsM #plague #health #publichealth：いいえ2例は、流行のhttpを構成するものではありません
628,爆発ファッショナブルな登山電子時計耐水性カップルのレジャータブU_ます
629,http：//トンのCO / 7dYOgLhMReます
630,http：//トンのCO / HKm3rtD4ZF
631, @IcyMagistrateÛÓher上腕UOたもの/ frigginの/つらら発射UOおよび様々な他の傷のミニチュアよりUOのような女の子のルックスから足
632,大きな問題は、元に戻す左悪天候が@GoTriangleに当たった場合、家庭取得する方法はhttps場所で本当の緊急計画を持っていません：//トンのCO / s7xdXuudcy
633,生存者に焦点を当てた第二の部分は見ていて本当に難しいですが、同時にとても強力です
634, BSFジャワンズはFidayeenに死亡したのはこのためのAKと彼ら流血#INSASを持っています！ INSASは、兵士の死亡国防省HTTPのせいにするのではないライフル：//トンのCO / 1Lk1EQwyUW
635, 52 214904 5 139055ヌケが目標ヒルフェルスムを喜ば800メートル表面の下に爆発してください
636, 10News？水の主なブレーク乱すトロリーサービスのhttp：//トンのCO / pAug7a68i0
637,627パーセントそれらは下位16私はさらにOTMこれは本当に崖から落ちる可能性がなくなっていたよりもstrikedていた場合
638, #Boulder議員は、このような爆発さ手榴弾に爆弾処理班を待っているのhttp今日スターンズの湖で見つかった：//トンのCO / 7cADM3lNkO
639,"全滅ダマスカス：シリアARMY磨くÛ÷ALLOOSHと肥料の山にHIS GANG
http：//トンのCO / 7rakhP3bWm"
640,コロラド州のhttpへの道の小さな損害：//トンのCO / hDVmhSQXHm
641,シドニーの人々が空全体に目が覚めた@RetiredFilth非現実的のような砂塵嵐の後に赤くされています
642, tianta_：ニュース速報！未確認！私はちょうど私の隣人のお尻からの風の爆発と思われるものに近くの大きな音を聞きました
643,サンダーとピンポイントフットヒル予測で可能な雷のhttp：//トンのCO / CtIjdPXABk
644,ほとんどの外傷#PTSDchatの瓦礫で見つけることができます - はい、私はそのルートを感じる@PTSD_Chatことは恥です
645,私は今、人生は本当に??短すぎるんどのような感じを残したことを全くショックとあなたが仕事に行っていない荒廃にいますよ
646, @ahhtheenikkiそして、何から、私は誰もショットがなかったので、彼らはすぐに今日のガンマンに応え、すべての皆さんに避難することができましたtell-することができます
647,#Zionism STOP BURNING #Babies HTTPSのリーダー：//トンのCO / 6xYsDN2Xz0
648,崖から落ちてくださいます
649,https：//トンのCO / 4vWSL2Gfp0
650, //トンのCO / tL93AOd3ER：今週最初の応答者とDARTのメンバーは、4日間の集中技術大型動物のhttpに参加しています
651, uはあなたの武器とあなたのバッジを持っていたとしても、私たちはそれらを置くつもりあなたのお尻にchoppas ????
652,消防士は#RockyFireジェリー・ブラウン益を行うと明日の朝最初の応答者に会うための領域に向かっています
653, TRUCK輝い：R21フォールトレッカーAVEのOUTSIDE ORタンボINTL CARGO SECTIONます
654,http：//トンのCO / 8kscqKfKkF
655, //トンのCO / NpOQLkqUP9の@meshnewsdesk：負傷者の女性をメッシュ支援しようと、経験豊富なurogynは最悪の犯罪者のhttpを語っています
656,あなたが得る@ThatSabineGirl私は、この惑星は、閉塞の巨大な用量で行うことができますSIS
657, //トンのCO / m0utLDif77：å¬'Only海が#Mediterraneanの最後の災害はmassgraveのhttpになった後、死んだ「@MSF_Seaどのくらいあるかを知っています
658,ウル友人とuは森の中で森林火災について話しているとき、彼はそこ#straightfireからウルミックステープをドロップするようにUを伝えます
659,地獄@rvfriedmann USA @LodiSilveradoの@ritzy_jewelsの合計消滅破壊の彼の信念のほんの一部です
660, @Hurricane_Dame ????????私はここに彼らを持っていません
661,ノック点火（爆発）センサー-戦争BECK / ARNLEY 158から0853のhttp：//トンのCO / OdMx36WDhMます
662,http：//トンのCO / gAHeUjRUJu
663, //トンのCO / Dj1LWZNIEHます
664,http：//トンのCO / I9MxXkzHbLホロドモールで死ん百万人の記念碑は、U S資本のhttpに建立されました
665,すごいああ@flickershowell私の心はクールクール泣いイム冷却崩壊しました
666,古代マヤのタブレットは、ジャングルの寺院のhttpで発見：//トンのCO / qp6q8RS8ON
667,私は@YouTube動画のhttpを気に入っ：//トンのCO / XO2ZbPBJB3 FEMA REGION IIIは、バイオテロ対象！ NASA  - リチウムと日本のロケットLAUNCH
668, @BillMcCabeの空は火災から明らかありません煙が私の好きな場所の一つタホであなたの時間をお楽しみになります！破壊魔法の罰金はただの建物を焼失行っていません
669,私はそれは、HTTP暴力的な殺人だトロフィーとしてANY生活「を取って」理解していない：//トンのCO / NEqW47E1uj #CecilTheLion #BADChoices #BANTROPHYHUNTING
670,福島メルトダウンから最悪の放射線被曝のいくつかは、小さな緊急時計画区域ドンÛªtはそれをカットすることを47キロ北西プルーフ起こりました
671,訂正：テント崩壊物語のhttp：//トンのCO / S7VYGeNJuv
672,旋風数日のhttp後のリチャード・リターン：//トンのCO / L8W30WFW3R #MLB
673, ＃360WiseNews：中国の株式市場のクラッシュは：そこ宝石でザ・瓦礫ていますか？ http：//トンのCO / 9Naw3QOQOL
674,私は飛行機事故がありました
675,これらの超強力磁石は毎日がオブジェクト破壊鑑賞します
676,http：//トンのCO / bTUs5jejuyます
677,http：//トンのCO / zrTfxLuk6R
678,"波が海岸に殺到しているとき
そして、私はもう家に帰る道を見つけることができません
私はあなたのhttpを見るときです：//トンのCO / TDAKtGlU5p"
679, CDCは、すべてのバイオテロのエージェントのかなりクールなリストを持っています3
680, @Stretcher @witter @Rexyy @Towelショー、私はそれの写真
681, Redditの意志今検疫攻撃的コンテンツのhttp：//トンのCO / LTmgdP6Jaf
682,金曜日ハリケーン港に行くにアシュリーとI？ http：//トンのCO / ScEfPFvAEU
683, @NeanderRebelあなたが彼をオフスーツを取る場合、私は、これは別の民主党大量殺人者に属していた顔で聞いて驚かないだろう
684, @disneyIrhそう心に傷を負ったイム???? http：//トンのCO / TATZfK63Ch
685," @dirk_trossen

私はまだ吹雪/雹のいくつかを持っています！うん@pantalonesfuego私たちは数回を避難していたL A上記の峡谷で育ちました"
686,沈黙#Palermo #Shipwreck #Children #Deathsます
687,http：//トンのCO / Tm9ZBHJcyf
688,トリニティ郡HTTPでマッド川コンプレックス火災：//トンのCO / LfNIPpNOtOマッド川コンプレックス火災は8％が含まれている14028エーカーを燃やしています
689,火に物事を設定することは常にオプションです
690,彼らはそれが来て見ていない旋風四半期
691,当番や軍服には、ルールFOOLをTHATSながら不正な武器を携帯しないよう命じた場合を除き@NRO
692,難破船中グリーア男ダイのhttp：//トンのCO / n2qZbMZuly
693, //トンのCO / rorKtMpqNs #liveonKBAKます
694,http：//トンのCO / eDznX6GOudアップカーン郡目撃者のニュース朝はKBAK CBS29 HTTP上RIGHT NOW放映ウェイク
695, @ Michael5SOS笑ので、あなたがそのようにホットあなたのボールをオフに燃えていると言うでしょう????
696,ただ、キャンプから帰ってきたし、待つことができません明日に記録されます新しい歌で返さ！ #Desolation #TheConspiracyTheory #NewEP
697,犬の体に閉じ込められたそのパンダを@BoyInAHorsemask
698,安倍政権は、手榴弾が「武器」はなかったことを明らかにしました
699,私は死傷者の顔に笑ってSORROW THE FIRST TIME I AWAY PAST TOMORROWけどAMませTHROWIN MY SHOTを考えていています
700,"ルーカスドゥダは、NICケージバージョンが、ワル#Mets ""炎に包まの実際のゴーストライダーではありません"
701,あなたのビジネスを改善するために、強力なコンテンツの検索にいるか「quantitÛ_httpsの大洪水に不満をされている場合：//トンのCO / 64cyMG1lTG
702, @POTUS経済は崩壊に続きます
703,I77南巨大な大破し、空輸と、おそらくいくつかの死亡完全に遮断されている州間に得ることはありません
704, //トンのCO / SuDkK1wEEZ：まあは、サー私のいとこは、POW残酷が生き残っ処理したが、爆撃がhttpsを正当化したことについて話したことはありませんと述べました
705, @GettingLost @JennEllensBB @Muncle_jimそれは、彼らは表面的な傷を持っていたし、それが最も損害を与えた唐辛子スプレーと述べました
706, EP03荒廃のリリースの日付は、私たちがスケジュール#alt #electro #rock #comingsoonを確定しながら、より多くの情報のために調整された一連の滞在です
707,これに激怒した旋風その夜、あなたの心に悲しい目と暗黙の物語を@byuwnbeki
708,スラムは違法が交絡構造的な問題の#stopevictions談話市民に住宅を提供するために、症状の状態の障害です
709,正直無料のファンダムを破壊します
710, //トンのCO / N8EzfCTfcEます：http  - 労働者は感電サウスサイドの工場は$ 17000ペナルティ#Columbusを支払います
711,"人が非常識な政府との唯一のものじゃない飢えながら、ロシアは、食品を破壊します
http：//トンのCO / ZonNqGsxYw"
712, MKaylaとシーは今まで誰もが避難しなければならない同じ部屋に入った場合、私はそれがとてもささいなことと幼稚になるので、私は契約できなかったように感じます
713,//トンのCO / HaShGQAFic：すべてのHTTPをハイジャックするために、元ファーストレディによる計画と元大統領のグッドラック・ジョナサンルダム忍耐ジョナサンの妻
714,"下のウッドランドで砂嵐トライアウト8月15日に出てきます！
MSトライアウト：3-4：30PM
HSトライアウト：4：30-6pm"
715, //トンのCO / 9mtrq5Jf4d：Twitterは暴動やブラジル＃Rio2016 HTTPの財政破綻へのカウントダウンを行っています
716,緊急時の流れのhttp：//トンのCO / lH9mrYpDrJ mp3ます
717,http：//トンのCO / PqhuthSS3i RARます
718,http：//トンのCO / 0iW6dRf5X9
719, I誓い忠誠へザ・P O P Eとエピック市のバーニングビル??????
720,我々はすぐに100000人を全滅させ、我々は人類の全体を全滅させる能力を持っていることを知ったので、70歳
721,私はちょうどemmerdaleを見ND私はそれらのほとんどが誰であるか知らないが、ロスという名前の少し魅力的な男はただ倒してしまったND今、彼は死にました
722,恐怖オフウォーキング・デッドスピンウォーキングデッドは23日です??????
723, @ GeorgeFoster72とエドマンド・フィッツジェラルドの大破
724,バイオテロ公衆衛生スーパーバグバイオラボ流行biosurveillance流行|国土安全保障省のニュースワイヤーのhttp：//トンのCO / cvhYGwcBZv
725,"ALBUM COMING SOON #FETTILOOTCH IS #SLANGLUCCI OPPRESSIONS最大の危険@bluebirddenver
https：//でトンのCO / moLL5vd8yD"
726, @イスラム教徒へのAllahsfinest12死
727,日没の男の子は私のベッドの元1979米国のgimpラベルビニール7' を台無し45 newaveます
728,http：//トンのCO / X0QLgwoyMTます
729,http：//トンのCO / hQNx8qMeG3
730, #Prez氏社長@cspanあなたはあなたがテロリストのスポンサーテロリストを作成する世界最大のテロリストとのトラブルメーカーです
731, '@jorrynja：6あなたのBF / GF /クラッシュ@ ??' @Ter_ell ??
732,今日は昼食を取りに行って、彼は私の電話番号を望んでいたので、バーテンダーは、私の変更を人質に保持された??
733, DireTube情報UOエジプトキプロスとギリシャはfightåÊterrorismHTTPに合意：//トンのCO / V6IjxCCD2Iます
734,http：//トンのCO / YSXhFWMGOD
735,サステナビリティタスクフォースは、基金緊急サービスにレヴィをプレゼンツ -  WDTVます
736,http：//トンのCO / 2FiBE2HAXC
737,ペンドルトンメディアオフィスは、ベース上の唯一の火災が今オルノの炎であると述べました
738,"プリンスフィリップは、アムリトサルでイギリスによって殺されたものの数の言いました

ÛªsÛÏThatビットが負傷Ûが含まれている必要があり、それを誇張しました"
739,私はそれは解釈の問題だ知っているが、これは私がhttpsそれを呼ばれるの黙示録の兆候です：//トンのCO / my8q1uWIjn
740,彼らはあなたがDothrakiを過小評価Westerosナ仲間に来た場合Dothrakiを言って非常に多くのYouTubeのコメンターは押しつぶさになるだろう
741, @ MartinMJ22 @YouGovた場合、投票の36％と12席の大多数は、地すべりになりましたの？
742,それは完全に抹消されていなかったハイポ中心に最も近い構造です@TheEvilOlives
743,あなたの耳にコンサートや誰かの悲鳴に行くとき、私はすぐに私の聞いいつでも失うしたいようにそれが見えるん???
744,感謝ブリストルの寺院メッセージからジャッキーをピックアップしてニューポートの緊急走行のために大きな感謝を@chowtaxis
745,私は燃える建物や悲鳴赤ちゃんを追加するのを忘れ@zourryart
746,私はA竜巻のhttpのように感じる：//トンのCO / iZJK6kpWiZ
747,"コナー・フランタ：いまいましい、私は誰もが大丈夫であると思いサイレン

ダンはハウエル：別のSTREETに殺害ゲットしてくださいすることができます"
748,写真：lavenderpoetrycafe：//トンのCO / U2eS0Uk1u3：性的なトラウマヒステリーの忘れられた歴史は、http主に見難儀でした
749,//トンのCO / r4WGXrA59Mの#lifeの#tech：船員は大砲カートリッジのhttpリサイクルされたため、ロンドンの軍艦#science #newsは、1665年に爆発しました
750,カナダのヒッチハイクごみボットにあなたの熱いテイク@freeMurphy（フィリーで破壊）痛んで必要とされました
751, Funtenna #hot：//トンのCO / qj3PVgaVN7 #prebreak #best：音波などのデータを送信するためにコンピュータ[ブラックハット2015]のhttpをハイジャック
752, ＃Tweet4Taijiは迷信に基づいて、イルカの礼拝グループです！ただ、自分のツイートを見てみましょう！ #NYC Iにおけるこのような美しい建築物は、建築物#newyork U_ HTTPS上で、これらの火災避難経路を愛する：//トンのCO / fW1PtaElgV
753, @CDCgov経由//トンのCO / RFFPqBAz2Fます：httpチューニング内部滞在内側と滞在を得る：に知っ有する放射線緊急#preparednessを開始します
754,安倍政権は集団的自衛権が行使されたときに自衛隊が味方に提供することができるようにミサイルが「武器」ではないと述べました
755, @DavidVitterこんにちはデイヴィッドは2003年に私はあなたが繰り返し#IranDealを防ぐことができます何百万人の命を破壊し、戦争への米国の散歩を見ました
756,彼女はまだ見ていない接合から出てきた後にほぼ今日、私に衝突した愚かな女性は、私は私のホーンをビープ音まで私に向かって来続けました
757,難民接続Indiegogoキャンペーンは明日のライブに行くことでしょう！私たちをサポートしていますし、ヘルプは#refugeesのためにのみオンラインコミュニティを立ち上げ
758,緊急停止システム - エドモントンのhttp：//トンのCO / F8GvWkFqox
759,チリにリリースされトラップされた鉱山労働者についてのハリウッド映画：HTTPを主演閉じ込められた鉱夫について「33」ハリウッド映画：//トンのCO / 0f8XA4Ih1U
760,ここ@durrellb価格は非常識な私たちのドルは米国に対して崩壊したしていると、それは私たちに情報をお寄せいただきありがとうございますを罰するています
761,溺れたネズミカフェひどいビューでの来場ジョージナ!! http：//トンのCO / pYLFb3tI9U
762, @ 20skyhawkmm20 @ traplord_29 @ FREDOSANTANA300 @ LilReese300それは救急車やカップルモッシュピットヘラクレイジー3つの戦いだった??
763, Suffieldのアルバータ事故ます
764,https：//トンのCO / bPTmlF4P10
765, #IranDealは、彼らだけがバイオテロについてやっているの核活動をカバー？イランは少なくとも27件のその他の契約を破りました
766,"この絶望転位
分離非難
誘惑で黙示録
分離荒廃
それが行くとそう離れて検索してみましょう"
767,私はおそらく数日（路上で叫んで建物の人々を焼くにカット）のために、これらの基本的な生活の維持ものにスキップすることができます
768," Crptotech津波と銀行
 http：//トンのCO / KHzTeVeDja #Banking #tech #bitcoing #blockchain"
769,#MicheleBachmanのようなWACKOSは、世界はすぐに燃えfirey INFERNOによって抹消されますが、#GlobalWarmingを受け入れるカント予測します！こんにちは！！！
770,その日は、核兵器のパワー広島第70を覚えています
771,クラフトチーズシングルスのHTTP窒息の危険性プロンプトリコール：//トンのCO / nJLqRqcnL9
772,フォードトラックはトルネードで破壊された後、オフアップとドライブを開始します！ http：//トンのCO / IxJjlp1LVo
773,ヘルファイアはとても気をつけて欲望に囲まれているとドンÛªtは、あなたの欲望があなたをコントロールしましょう！ #Afterlife
774, #forbesは、中国の株式市場のクラッシュを#europe：宝石でザ・瓦礫はありますか？ http：//トンのCO / C0SlAbBP7j
775,"木2015年8月6日午前1時20分32秒GMT + 0000（UTC）
#millcityio＃20150613
theraminサイレン"
776, '溺れ'  - アクリル08 05 15のhttps：//トンのCO / X17fUBQBGG
777,"新熱帯低気圧は、グアムの近くに形成されます

それが形成されたら、それは「Molave」と呼ばれます"
778, @CalFreedomMom @ steph93065イスラエルの消滅に大きく貢献を言及しないように
779,//トンのCO / 92fwtObi3U：テキサスはWindstormåÊInsurerのhttpへの変更のための規則に意見を求めます
780,究極の#preparednessライブラリ#mix #boyます
781,http：//トンのCO / cjCtb2oCxg：// tはコ/ O207JyaByz 10以上の任意の災害HTTPのためにあなた自身を準備します
782," #NoChillLukeHammings
私は叫んでいる"
783, #Amsterdam POVビデオキャプチャSTのhttp中アムステルダム・スキポール空港での暴力的な着陸：//トンのCO / AlUMrGl40eます
784,http：//トンのCO / 8h2KCTFB8I
785,もちろん、私はクラスの別名unsensibly専門的にドレスアップする必要がある日は、私が試してみると、自然災害を追い越す日です！ Funtenna #hot：//トンのCO / UMgD92wLjA #prebreak #best：音波などのデータを送信するためにコンピュータ[ブラックハット2015]のhttpをハイジャック
786, OH MY GOD RYANSのIN TROUBLEます
787,http：//トンのCO / ADIp0UnXHU
788,私たちは、電気#Solar風の代替ソースを取得するためにすべての企業をお勧めします#Biztipと電池は緊急計画を持っています！今すぐ！ @KellKaneおかげで私は狭くあなたが正しい楽しかった死を回避します
789," GREAT MICHIGAN技術のCAMP
@ bmurph1019 TO B1GのTHANKS
@hail_Youtsey @ termn8r13
#GoBlue #WrestleOnます"
790,http：//トンのCO / OasKgki6Qj
791,@kiranahmedd米軍とNATOは、あまりにもタリバンと戦っています
792,ベイ地区のコーチは、医療過程でCPRを学ぶ：PANAMA CITY UOアン選手は、httpフィールドコーチに崩壊：//トンのCO / KFkaosh0KH
793,探査は#Somaliaでhttp #Gabonの地震のシフトを取る：//トンのCO / kLtIt88AS3
794,"納税者のお金の無駄である福祉の継続的な抗議で信じられないが、決して同様の異議にÂ£1,000億核兵器に"
795,私たちは、それが役立つだろうサイクロンの季節の間に太平洋にこれらの植物を必要と@XHNews
796,"イスラエルはわたしの家は今では私の土地を望んでいる難破しました
https：//でトンのCO / g0r3ZR1nQj"
797, //トンのCO / bnwyGx6luh：私の父は、私はいつもよりも薄いように見えるが、実際には、HTTPのようにこっちイム言いました
798,"メッシ：彼は血を寄付することはできませんので、入れ墨を持っています
ロナウド：犬に#respectを保存するために建物を燃やしに実行されます"
799, @ lovemywife1983 @FoxNews 9/11 4the公共の事実上のshedidように私はジャーナリストだけでテロリストよりも多くの停止のブッシュのwashardないです
800,雪崩市 - サンセットのhttp：//トンのCO / 48h3tLvLXr #nowplay #listen #radio
801,@WesleyLowery ??????どのようにこの荒廃を生き残るしようとしています？
802,クロス宗派抗議強力なシーア派聖職者#pt民兵は撤退しなければならないと言う：「ウル応戦ISISを私たちはウル皆さんにダメージをUVEを忘れて文句を言いません」
803,いなくても一週間のために車を持っていた設定Mfsがドライブをクソすることができないクソ車の事故に入っただけ
804, #TheaterShooting被告/ MASSの殺人者は、NOT 2がIN FINAL PHASE 3ので、彼はしませんので、B対象2クロス試験や陪審員の質問に証言しました
805,おそらく、歴史的には、「最近公開#ChildSexAbuseの大洪水が、カバーアップの真の「歴史的」スケールにない適用されるべきです
806, #Battlefield 1942は希望秘密の武器を忘れてしまいました
807,ちょっと#movietheatreマス殺人者のワナ-も我々は＃615でそのたわごとを果たしていません！英焼くオフの背中とDorretのチョコレートガトー崩壊 - ジャン・モイアのhttp：//トンのCO / 2SgDOFsmrQます
808,http：//トンのCO / xLEgC6UorA
